GO,2021-06-17,34.040001,35.549999,33.959999,35.209999,35.209999,875500
GO,2021-06-18,34.75,35.144001,34.389999,34.5,34.5,1078700
GO,2021-06-21,34.48,35.334999,34.48,35.23,35.23,483600
GO,2021-06-22,35.200001,35.27,34.610001,35.150002,35.150002,658700
GO,2021-06-23,35.290001,35.290001,34.560001,34.709999,34.709999,337000
GO,2021-06-24,34.810001,35.02,34.349998,34.450001,34.450001,367300
GO,2021-06-25,34.450001,35.040001,34.34,34.84,34.84,2128500
GO,2021-06-28,34.849998,35.060001,34.299999,34.799999,34.799999,474800
GO,2021-06-29,35.009998,35.189999,34.43,34.48,34.48,354800
GO,2021-06-30,34.599998,34.84,34.360001,34.66,34.66,373200
GO,2021-07-01,34.740002,34.779999,34.119999,34.299999,34.299999,959900
GO,2021-07-02,34.48,34.77,34.338001,34.68,34.68,337200
GO,2021-07-06,34.75,34.75,34.049999,34.349998,34.349998,694100
GO,2021-07-07,34.439999,34.700001,33.950001,34.509998,34.509998,560200
GO,2021-07-08,34.474998,34.549999,34.029999,34.259998,34.259998,357400
GO,2021-07-09,34.380001,35.139999,34.299999,35.07,35.07,302600
GO,2021-07-12,35.139999,35.18,34.619999,34.869999,34.869999,379100
GO,2021-07-13,34.825001,35.18,34.549999,34.57,34.57,404800
GO,2021-07-14,34.720001,35.099998,34.325001,34.860001,34.860001,548700
GO,2021-07-15,34.889999,35.09,34.610001,34.720001,34.720001,525100
GO,2021-07-16,34.82,35.450001,34.740002,35.009998,35.009998,356000
GO,2021-07-19,34.93,35.589001,34.77,35.540001,35.540001,607100
GO,2021-07-20,35.529999,36.77,35.490002,36.169998,36.169998,755700
GO,2021-07-21,36.119999,36.25,35.619999,35.709999,35.709999,670200
GO,2021-07-22,33.5,34.119999,32.52,33.049999,33.049999,3244500
GO,2021-07-23,33.099998,33.327,32.23,32.759998,32.759998,1804000
GO,2021-07-26,32.900002,33.400002,32.709999,32.900002,32.900002,532800
GO,2021-07-27,32.720001,33.139999,32.400002,33.049999,33.049999,591700
GO,2021-07-28,33.130001,33.549999,32.799999,33.490002,33.490002,485300
GO,2021-07-29,33.689999,34.139999,33.575001,33.650002,33.650002,711700
GO,2021-07-30,33.720001,34.029999,33.07,33.119999,33.119999,737700
GO,2021-08-02,33.27,33.470001,32.540001,33.279999,33.279999,510800
GO,2021-08-03,33.544998,33.84,33.16,33.580002,33.580002,453500
GO,2021-08-04,33.650002,33.68,32.52,32.889999,32.889999,544700
GO,2021-08-05,32.990002,33.139999,32.868,32.959999,32.959999,435600
GO,2021-08-06,33.259998,33.259998,32.23,32.580002,32.580002,887500
GO,2021-08-09,32.709999,33.0,31.58,31.6,31.6,1263600
GO,2021-08-10,31.790001,31.940001,30.709999,30.93,30.93,1986100
GO,2021-08-11,29.25,29.35,26.889999,27.67,27.67,4557700
GO,2021-08-12,27.530001,28.030001,27.1,27.25,27.25,1409100
GO,2021-08-13,27.455,27.455,26.68,26.73,26.73,996900
GO,2021-08-16,26.66,26.895,26.42,26.74,26.74,1022100
GO,2021-08-17,26.66,27.26,26.35,27.01,27.01,1067700
GO,2021-08-18,27.0,27.07,25.82,26.030001,26.030001,1014900
GO,2021-08-19,25.85,26.030001,25.120001,25.65,25.65,804500
GO,2021-08-20,25.495001,26.139999,25.495001,25.84,25.84,625700
GO,2021-08-23,25.860001,25.950001,25.15,25.860001,25.860001,690900
GO,2021-08-24,25.91,25.924999,25.280001,25.33,25.33,738400
GO,2021-08-25,25.360001,25.76,25.18,25.58,25.58,709600
GO,2021-08-26,25.49,25.51,25.0,25.15,25.15,849800
GO,2021-08-27,25.059999,25.219999,24.65,25.16,25.16,1000500
GO,2021-08-30,25.26,25.73,25.139999,25.459999,25.459999,811100
GO,2021-08-31,25.5,26.25,25.235001,26.030001,26.030001,1534700
GO,2021-09-01,25.98,26.01,25.549999,25.83,25.83,779100
GO,2021-09-02,25.959999,26.665001,25.870001,26.07,26.07,714300
GO,2021-09-03,25.85,26.08,25.51,26.01,26.01,653500
GO,2021-09-07,26.26,26.26,25.200001,25.23,25.23,533000
GO,2021-09-08,25.25,25.434999,24.92,25.030001,25.030001,542100
GO,2021-09-09,24.969999,25.115,24.75,24.98,24.98,446400
GO,2021-09-10,24.860001,25.24,24.59,25.01,25.01,1224300
GO,2021-09-13,25.07,25.389999,24.938,25.049999,25.049999,982600
GO,2021-09-14,25.139999,25.16,24.514999,24.66,24.66,971400
GO,2021-09-15,24.559999,24.690001,24.200001,24.620001,24.620001,1292500
GO,2021-09-16,24.58,24.99,24.27,24.27,24.27,560500
GO,2021-09-17,24.040001,24.18,23.620001,23.83,23.83,2271300
GO,2021-09-20,23.59,23.77,23.08,23.32,23.32,683000
GO,2021-09-21,23.4,23.610001,22.969999,23.209999,23.209999,982100
GO,2021-09-22,23.360001,23.360001,22.790001,22.809999,22.809999,730100
GO,2021-09-23,22.809999,23.031,22.42,22.52,22.52,5005000
GO,2021-09-24,22.549999,23.025,21.93,21.969999,21.969999,2690800
GO,2021-09-27,21.92,22.370001,21.709999,22.049999,22.049999,2155400
GO,2021-09-28,22.0,22.08,21.525,21.690001,21.690001,1018600
GO,2021-09-29,21.700001,22.02,21.25,21.379999,21.379999,1799300
GO,2021-09-30,21.370001,21.620001,21.01,21.57,21.57,1911300
GO,2021-10-01,21.709999,21.91,21.33,21.389999,21.389999,1815100
GO,2021-10-04,21.290001,21.66,21.07,21.24,21.24,1394400
GO,2021-10-05,21.18,21.76,21.18,21.57,21.57,1676100
GO,2021-10-06,21.540001,21.76,21.379999,21.620001,21.620001,840600
GO,2021-10-07,21.76,22.25,21.73,22.16,22.16,1708600
GO,2021-10-08,22.15,22.219999,21.74,21.76,21.76,954100
GO,2021-10-11,21.75,21.989,21.67,21.690001,21.690001,782100
GO,2021-10-12,21.690001,22.040001,21.549999,22.02,22.02,1055000
GO,2021-10-13,22.16,22.6,22.08,22.440001,22.440001,864700
GO,2021-10-14,22.540001,24.26,22.49,23.98,23.98,2419000
GO,2021-10-15,23.98,24.559999,23.49,23.57,23.57,1574900
GO,2021-10-18,23.5,23.5,23.040001,23.290001,23.290001,727700
GO,2021-10-19,23.4,23.43,22.950001,23.23,23.23,525700
GO,2021-10-20,23.309999,23.66,23.0,23.049999,23.049999,567300
GO,2021-10-21,23.049999,23.639999,23.049999,23.51,23.51,782800
GO,2021-10-22,23.43,23.674999,23.27,23.32,23.32,834500
GO,2021-10-25,23.360001,23.559999,22.9,23.01,23.01,727000
GO,2021-10-26,23.02,23.02,22.43,22.469999,22.469999,1001100
GO,2021-10-27,22.459999,22.5,21.355,21.559999,21.559999,1337200
GO,2021-10-28,21.57,22.0,21.33,21.84,21.84,1426200
GO,2021-10-29,22.08,22.5,21.84,22.190001,22.190001,1228100
GO,2021-11-01,22.17,23.299999,21.860001,23.27,23.27,1422200
GO,2021-11-02,23.18,23.49,22.52,22.85,22.85,726300
GO,2021-11-03,22.870001,24.059999,22.709999,23.549999,23.549999,1012600
GO,2021-11-04,23.459999,23.799999,22.98,23.040001,23.040001,1044400
GO,2021-11-05,23.120001,23.48,22.780001,23.32,23.32,1109600
GO,2021-11-08,23.370001,23.455,22.889999,22.93,22.93,1065400
GO,2021-11-09,22.91,23.360001,22.879999,23.16,23.16,1093500
GO,2021-11-10,24.35,26.59,24.35,26.0,26.0,2511600
GO,2021-11-11,25.0,26.525,24.879999,26.450001,26.450001,1754000
GO,2021-11-12,26.41,27.885,26.379999,27.76,27.76,1793200
GO,2021-11-15,27.219999,28.219999,27.219999,27.82,27.82,1497000
GO,2021-11-16,28.0,28.27,27.450001,28.209999,28.209999,1351300
GO,2021-11-17,28.209999,28.540001,27.25,27.6,27.6,1756900
GO,2021-11-18,27.530001,27.784,27.25,27.639999,27.639999,1426200
GO,2021-11-19,27.59,28.08,27.59,27.82,27.82,1042800
GO,2021-11-22,27.9,28.68,27.76,28.42,28.42,1126600
GO,2021-11-23,28.42,29.09,28.25,29.0,29.0,1881800
GO,2021-11-24,28.684999,29.17,28.295,28.950001,28.950001,717500
GO,2021-11-26,28.879999,29.290001,28.391001,28.52,28.52,451900
GO,2021-11-29,28.51,29.1,28.190001,28.92,28.92,1383500
GO,2021-11-30,26.955,29.129999,26.955,28.959999,28.959999,2425000
GO,2021-12-01,28.99,29.139999,27.610001,27.620001,27.620001,2606000
GO,2021-12-02,27.85,28.42,27.58,27.68,27.68,1196600
GO,2021-12-03,27.459999,27.74,27.07,27.1,27.1,1693000
GO,2021-12-06,27.1,28.18,27.01,27.969999,27.969999,709000
GO,2021-12-07,28.575001,28.575001,27.24,27.34,27.34,1173600
GO,2021-12-08,27.43,27.76,27.209999,27.59,27.59,782500
GO,2021-12-09,27.370001,27.865,27.299999,27.49,27.49,1272300
GO,2021-12-10,27.49,27.969999,27.35,27.85,27.85,522900
GO,2021-12-13,27.709999,28.360001,27.620001,28.16,28.16,677800
GO,2021-12-14,28.09,28.450001,28.030001,28.41,28.41,545000
GO,2021-12-15,28.49,28.690001,27.731001,28.459999,28.459999,653300
GO,2021-12-16,28.1,28.68,27.92,28.610001,28.610001,1321000
GO,2021-12-17,28.700001,29.08,28.34,28.790001,28.790001,2357300
GO,2021-12-20,28.440001,29.01,28.385,28.74,28.74,869700
GO,2021-12-21,28.83,28.945,28.200001,28.5,28.5,655600
GO,2021-12-22,28.549999,28.59,27.450001,27.879999,27.879999,485500
GO,2021-12-23,28.24,28.24,27.5,28.049999,28.049999,438100
GO,2021-12-27,28.049999,28.549999,27.75,28.4,28.4,1073200
GO,2021-12-28,28.299999,28.73,28.299999,28.59,28.59,1141500
GO,2021-12-29,28.639999,28.719999,28.25,28.35,28.35,394500
GO,2021-12-30,28.49,28.74,28.23,28.25,28.25,447300
GO,2021-12-31,28.43,28.540001,28.15,28.280001,28.280001,322300
GO,2022-01-03,28.379999,28.879999,28.110001,28.559999,28.559999,920500
GO,2022-01-04,28.51,28.709999,27.84,27.85,27.85,580400
GO,2022-01-05,27.92,28.325001,27.200001,27.309999,27.309999,1310400
GO,2022-01-06,27.540001,27.540001,26.790001,26.83,26.83,1116600
GO,2022-01-07,26.93,27.99,26.764999,27.9,27.9,1117600
GO,2022-01-10,27.870001,28.01,27.280001,27.92,27.92,988300
GO,2022-01-11,27.709999,27.85,27.17,27.280001,27.280001,735800
GO,2022-01-12,27.24,27.299999,26.790001,27.110001,27.110001,430500
GO,2022-01-13,27.09,27.690001,26.780001,27.450001,27.450001,510400
GO,2022-01-14,27.43,27.43,26.1,26.43,26.43,481900
GO,2022-01-18,26.26,26.26,25.4,25.450001,25.450001,767800
GO,2022-01-19,24.469999,25.32,24.139999,24.99,24.99,909300
GO,2022-01-20,25.24,25.73,24.915001,25.02,25.02,663400
GO,2022-01-21,24.98,25.559999,24.98,25.139999,25.139999,551900
GO,2022-01-24,24.84,25.450001,24.6,25.360001,25.360001,1000300
GO,2022-01-25,25.1,25.174999,24.115,24.879999,24.879999,1129700
GO,2022-01-26,25.17,25.475,24.559999,25.110001,25.110001,1234800
GO,2022-01-27,25.17,25.879999,24.424999,24.549999,24.549999,867500
GO,2022-01-28,24.33,24.469999,23.690001,24.42,24.42,789200
GO,2022-01-31,24.219999,25.389999,24.129999,25.379999,25.379999,620400
GO,2022-02-01,25.299999,25.540001,24.84,25.459999,25.459999,1087200
GO,2022-02-02,25.74,25.965,25.33,25.629999,25.629999,639300
GO,2022-02-03,25.48,25.825001,25.049999,25.26,25.26,1015500
GO,2022-02-04,25.26,25.379999,24.610001,25.25,25.25,463200
GO,2022-02-07,25.280001,25.52,24.860001,24.93,24.93,604100
GO,2022-02-08,24.76,25.67,24.6,25.49,25.49,487800
GO,2022-02-09,25.389999,26.41,25.389999,26.389999,26.389999,984700
GO,2022-02-10,26.370001,26.497999,25.74,26.01,26.01,763800
GO,2022-02-11,25.959999,26.76,25.84,26.51,26.51,478200
GO,2022-02-14,26.32,26.66,25.745001,26.139999,26.139999,451300
GO,2022-02-15,26.24,27.200001,26.24,27.18,27.18,611900
GO,2022-02-16,27.18,27.33,26.620001,27.110001,27.110001,539000
GO,2022-02-17,26.99,27.66,26.74,27.559999,27.559999,613400
GO,2022-02-18,27.42,27.74,26.59,26.65,26.65,854300
GO,2022-02-22,26.549999,26.610001,25.57,25.65,25.65,582200
GO,2022-02-23,25.799999,26.129999,25.309999,25.41,25.41,583300
GO,2022-02-24,25.0,25.790001,24.465,25.67,25.67,788300
GO,2022-02-25,25.790001,27.922001,25.719999,27.870001,27.870001,956900
GO,2022-02-28,27.725,28.51,27.48,27.809999,27.809999,1128400
GO,2022-03-01,28.0,28.34,27.605,28.17,28.17,1299200
GO,2022-03-02,27.51,27.809999,26.52,27.23,27.23,2031700
GO,2022-03-03,27.440001,29.360001,27.23,29.01,29.01,1436800
GO,2022-03-04,28.84,29.83,28.48,29.32,29.32,1097100
GO,2022-03-07,29.129999,30.76,29.07,29.540001,29.540001,950800
GO,2022-03-08,29.309999,31.129999,29.309999,29.9,29.9,1005500
GO,2022-03-09,30.049999,30.313999,28.950001,29.09,29.09,882700
GO,2022-03-10,29.110001,29.709999,28.620001,29.549999,29.549999,729800
GO,2022-03-11,29.549999,29.885,29.24,29.4,29.4,592500
GO,2022-03-14,29.360001,29.41,27.870001,28.08,28.08,740500
GO,2022-03-15,27.98,30.219999,27.82,30.1,30.1,1168600
GO,2022-03-16,30.25,31.58,29.995001,31.120001,31.120001,929900
GO,2022-03-17,31.059999,31.450001,30.76,30.790001,30.790001,543300
GO,2022-03-18,30.620001,32.029999,30.535,31.74,31.74,1268500
GO,2022-03-21,31.74,32.145,31.02,31.299999,31.299999,653600
GO,2022-03-22,31.370001,32.09,31.049999,32.0,32.0,581700
GO,2022-03-23,32.009998,32.900002,32.0,32.5,32.5,819700
GO,2022-03-24,32.57,33.02,32.48,33.02,33.02,621300
GO,2022-03-25,32.849998,33.130001,32.369999,32.889999,32.889999,535400
GO,2022-03-28,32.799999,33.275002,32.34,32.5,32.5,785500
GO,2022-03-29,32.700001,33.25,32.470001,33.16,33.16,1066300
GO,2022-03-30,32.970001,33.23,32.790001,33.029999,33.029999,532200
GO,2022-03-31,33.080002,33.439999,32.689999,32.779999,32.779999,634300
GO,2022-04-01,32.810001,33.700001,32.810001,33.669998,33.669998,930900
GO,2022-04-04,33.630001,34.099998,33.189999,33.779999,33.779999,1259200
GO,2022-04-05,33.900002,34.490002,33.540001,34.209999,34.209999,593000
GO,2022-04-06,33.919998,34.759998,33.349998,34.75,34.75,587000
GO,2022-04-07,34.91,35.555,34.740002,35.27,35.27,716700
GO,2022-04-08,35.380001,36.0,35.07,35.700001,35.700001,827000
GO,2022-04-11,35.709999,36.334999,35.650002,36.060001,36.060001,960000
GO,2022-04-12,36.259998,36.580002,34.305,34.360001,34.360001,859000
GO,2022-04-13,34.615002,35.119999,34.200001,34.869999,34.869999,628400
GO,2022-04-14,34.720001,35.110001,34.345001,34.540001,34.540001,509000
GO,2022-04-18,34.59,34.818001,33.68,33.849998,33.849998,853000
GO,2022-04-19,33.689999,35.669998,33.689999,35.52,35.52,622500
GO,2022-04-20,35.400002,35.580002,33.790001,33.990002,33.990002,836200
GO,2022-04-21,34.080002,34.294998,33.419998,33.740002,33.740002,1285900
GO,2022-04-22,33.580002,33.814999,32.650002,32.740002,32.740002,750600
GO,2022-04-25,32.82,33.009998,32.16,32.91,32.91,604200
GO,2022-04-26,32.549999,32.900002,31.940001,31.969999,31.969999,599800
GO,2022-04-27,31.9,32.830002,31.709999,32.5,32.5,881200
GO,2022-04-28,32.490002,33.290001,32.330002,33.060001,33.060001,674600
GO,2022-04-29,34.040001,34.700001,33.450001,33.669998,33.669998,1074700
GO,2022-05-02,33.5,33.974998,32.709999,33.310001,33.310001,745000
GO,2022-05-03,33.540001,34.32,33.240002,33.849998,33.849998,951700
GO,2022-05-04,33.610001,34.310001,33.220001,34.150002,34.150002,830200
GO,2022-05-05,33.740002,34.27,31.860001,32.459999,32.459999,820600
GO,2022-05-06,32.73,33.040001,31.805,32.150002,32.150002,718200
GO,2022-05-09,31.91,32.540001,31.639999,32.25,32.25,775500
GO,2022-05-10,32.27,32.57,30.57,31.07,31.07,1403900
GO,2022-05-11,35.27,37.360001,33.919998,35.650002,35.650002,4623200
GO,2022-05-12,35.650002,37.299999,35.060001,35.509998,35.509998,1795900
GO,2022-05-13,36.040001,37.82,35.950001,36.919998,36.919998,1972000
GO,2022-05-16,36.740002,36.990002,35.715,35.93,35.93,1237300
GO,2022-05-17,35.900002,37.290001,35.490002,36.799999,36.799999,1355500
GO,2022-05-18,36.110001,36.189999,34.529999,35.029999,35.029999,1161600
GO,2022-05-19,34.799999,36.279999,34.369999,35.740002,35.740002,814900
GO,2022-05-20,36.0,36.279999,34.98,35.91,35.91,850200
GO,2022-05-23,36.110001,38.279999,36.110001,38.209999,38.209999,2420000
GO,2022-05-24,38.080002,39.009998,37.349998,38.98,38.98,1414500
GO,2022-05-25,38.790001,39.290001,37.93,38.009998,38.009998,1114500
GO,2022-05-26,38.52,39.5,37.93,38.200001,38.200001,820400
GO,2022-05-27,38.23,38.900002,38.23,38.5,38.5,805600
GO,2022-05-31,38.77,39.360001,38.080002,38.25,38.25,968700
GO,2022-06-01,38.419998,38.52,37.849998,38.150002,38.150002,1114400
GO,2022-06-02,38.290001,38.445,37.779999,38.200001,38.200001,882800
GO,2022-06-03,37.860001,38.360001,37.810001,38.0,38.0,478300
GO,2022-06-06,37.82,38.220001,37.43,37.52,37.52,625200
GO,2022-06-07,37.330002,37.889999,36.869999,37.799999,37.799999,700400
GO,2022-06-08,37.810001,37.93,37.240002,37.5,37.5,526100
GO,2022-06-09,37.34,37.5,36.93,36.970001,36.970001,633000
GO,2022-06-10,36.91,38.904999,36.902,38.650002,38.650002,968100
GO,2022-06-13,38.32,38.369999,37.41,37.669998,37.669998,1077500
GO,2022-06-14,37.93,39.305,37.889999,38.139999,38.139999,2220600
GO,2022-06-15,38.0,39.02,37.619999,38.860001,38.860001,1905000
GO,2022-06-16,38.220001,40.639999,38.220001,40.450001,40.450001,2573685
ORLY,2021-06-17,535.169983,538.27002,530.960022,537.539978,537.539978,620000
ORLY,2021-06-18,536.460022,541.580017,531.909973,537.090027,537.090027,861500
ORLY,2021-06-21,539.799988,549.369995,537.919983,547.0,547.0,404900
ORLY,2021-06-22,545.849976,554.26001,545.179993,551.650024,551.650024,390700
ORLY,2021-06-23,551.76001,554.159973,546.159973,549.849976,549.849976,352200
ORLY,2021-06-24,548.159973,552.169983,547.590027,549.619995,549.619995,454000
ORLY,2021-06-25,550.809998,560.559998,550.77002,557.159973,557.159973,1639100
ORLY,2021-06-28,558.799988,563.070007,554.380005,561.570007,561.570007,372100
ORLY,2021-06-29,560.400024,567.679993,560.400024,564.969971,564.969971,309100
ORLY,2021-06-30,568.369995,569.469971,564.98999,566.210022,566.210022,300700
ORLY,2021-07-01,566.919983,577.0,566.390015,575.380005,575.380005,351500
ORLY,2021-07-02,576.719971,582.789978,573.400024,581.880005,581.880005,275200
ORLY,2021-07-06,582.340027,582.580017,576.049988,580.179993,580.179993,427300
ORLY,2021-07-07,580.809998,587.280029,577.75,585.099976,585.099976,451100
ORLY,2021-07-08,582.97998,585.130005,576.289978,581.530029,581.530029,303500
ORLY,2021-07-09,584.549988,592.119995,583.27002,591.650024,591.650024,277300
ORLY,2021-07-12,590.830017,593.419983,585.799988,591.51001,591.51001,374900
ORLY,2021-07-13,592.140015,594.669983,587.789978,589.5,589.5,287500
ORLY,2021-07-14,591.150024,595.77002,590.01001,595.039978,595.039978,242300
ORLY,2021-07-15,594.5,598.030029,592.619995,597.460022,597.460022,344900
ORLY,2021-07-16,596.97998,602.409973,596.039978,601.299988,601.299988,348700
ORLY,2021-07-19,598.809998,602.609985,590.599976,594.450012,594.450012,378900
ORLY,2021-07-20,596.0,612.599976,596.0,607.380005,607.380005,543400
ORLY,2021-07-21,607.659973,608.75,602.169983,604.390015,604.390015,319600
ORLY,2021-07-22,606.26001,610.599976,603.330017,609.039978,609.039978,227600
ORLY,2021-07-23,610.72998,621.669983,610.690002,620.919983,620.919983,276500
ORLY,2021-07-26,619.630005,621.72998,615.080017,619.559998,619.559998,346100
ORLY,2021-07-27,614.219971,620.780029,611.76001,616.469971,616.469971,354600
ORLY,2021-07-28,616.650024,619.97998,609.140015,609.590027,609.590027,450900
ORLY,2021-07-29,590.0,597.890015,579.0,596.320007,596.320007,667500
ORLY,2021-07-30,597.0,606.340027,596.700012,603.840027,603.840027,495500
ORLY,2021-08-02,604.549988,606.669983,597.700012,601.130005,601.130005,577900
ORLY,2021-08-03,602.98999,617.299988,602.98999,612.5,612.5,500200
ORLY,2021-08-04,611.340027,613.419983,602.830017,605.830017,605.830017,271100
ORLY,2021-08-05,606.679993,611.77002,601.469971,605.150024,605.150024,290400
ORLY,2021-08-06,603.469971,608.900024,600.0,603.450012,603.450012,414900
ORLY,2021-08-09,601.859985,602.150024,595.609985,598.599976,598.599976,325800
ORLY,2021-08-10,596.179993,603.289978,593.539978,600.650024,600.650024,464700
ORLY,2021-08-11,601.26001,608.859985,600.169983,601.179993,601.179993,437800
ORLY,2021-08-12,603.289978,603.289978,594.179993,596.929993,596.929993,418200
ORLY,2021-08-13,596.030029,599.52002,593.590027,594.030029,594.030029,260500
ORLY,2021-08-16,592.909973,604.369995,592.909973,603.900024,603.900024,350200
ORLY,2021-08-17,602.280029,603.409973,590.820007,599.77002,599.77002,364300
ORLY,2021-08-18,598.369995,605.469971,598.080017,598.840027,598.840027,317800
ORLY,2021-08-19,598.169983,603.049988,596.580017,602.130005,602.130005,290300
ORLY,2021-08-20,604.619995,608.219971,602.559998,606.409973,606.409973,295900
ORLY,2021-08-23,604.869995,607.22998,600.73999,602.599976,602.599976,359900
ORLY,2021-08-24,600.690002,604.330017,598.309998,599.400024,599.400024,329000
ORLY,2021-08-25,602.01001,608.320007,600.789978,607.070007,607.070007,356900
ORLY,2021-08-26,606.150024,607.669983,600.030029,600.280029,600.280029,269800
ORLY,2021-08-27,594.030029,599.299988,591.640015,591.909973,591.909973,378100
ORLY,2021-08-30,593.580017,599.73999,593.23999,596.650024,596.650024,376700
ORLY,2021-08-31,596.840027,596.840027,590.070007,594.080017,594.080017,526900
ORLY,2021-09-01,596.0,599.299988,589.440002,592.539978,592.539978,430200
ORLY,2021-09-02,593.390015,596.130005,574.51001,578.820007,578.820007,815300
ORLY,2021-09-03,578.820007,585.869995,573.929993,584.799988,584.799988,480200
ORLY,2021-09-07,582.869995,586.059998,579.340027,580.659973,580.659973,352100
ORLY,2021-09-08,582.26001,591.419983,579.090027,591.400024,591.400024,412100
ORLY,2021-09-09,592.049988,595.48999,590.5,592.159973,592.159973,362900
ORLY,2021-09-10,593.349976,598.570007,589.5,592.359985,592.359985,382800
ORLY,2021-09-13,594.26001,596.669983,583.75,587.380005,587.380005,377300
ORLY,2021-09-14,587.719971,591.609985,586.0,590.849976,590.849976,334600
ORLY,2021-09-15,590.789978,603.369995,589.809998,600.919983,600.919983,395400
ORLY,2021-09-16,603.179993,609.960022,603.179993,606.880005,606.880005,297800
ORLY,2021-09-17,600.73999,607.299988,597.599976,599.340027,599.340027,973300
ORLY,2021-09-20,595.440002,600.0,592.219971,599.01001,599.01001,596400
ORLY,2021-09-21,602.200012,610.549988,601.849976,607.219971,607.219971,392300
ORLY,2021-09-22,612.22998,622.97998,607.590027,620.26001,620.26001,503600
ORLY,2021-09-23,621.51001,629.400024,621.51001,626.330017,626.330017,410200
ORLY,2021-09-24,622.530029,627.190002,620.0,625.539978,625.539978,291700
ORLY,2021-09-27,624.219971,624.460022,616.72998,623.679993,623.679993,361800
ORLY,2021-09-28,623.080017,624.130005,609.940002,613.059998,613.059998,464200
ORLY,2021-09-29,614.659973,628.429993,613.869995,626.0,626.0,305400
ORLY,2021-09-30,625.849976,625.849976,608.359985,611.059998,611.059998,459800
ORLY,2021-10-01,612.820007,614.700012,599.859985,604.440002,604.440002,338700
ORLY,2021-10-04,603.960022,609.460022,594.200012,598.280029,598.280029,598200
ORLY,2021-10-05,599.98999,611.609985,595.780029,607.619995,607.619995,572700
ORLY,2021-10-06,604.97998,614.280029,602.01001,612.929993,612.929993,475400
ORLY,2021-10-07,617.799988,619.289978,611.030029,611.820007,611.820007,419000
ORLY,2021-10-08,611.789978,615.599976,607.219971,610.25,610.25,465600
ORLY,2021-10-11,609.960022,613.070007,604.97998,605.219971,605.219971,268400
ORLY,2021-10-12,608.809998,612.0,604.330017,608.919983,608.919983,210000
ORLY,2021-10-13,609.700012,612.98999,601.72998,612.340027,612.340027,266300
ORLY,2021-10-14,612.52002,625.469971,611.950012,625.130005,625.130005,288600
ORLY,2021-10-15,628.349976,633.119995,628.0,628.98999,628.98999,349700
ORLY,2021-10-18,629.169983,640.26001,629.169983,638.330017,638.330017,478200
ORLY,2021-10-19,639.900024,641.190002,632.539978,638.23999,638.23999,344100
ORLY,2021-10-20,642.559998,648.440002,639.659973,644.409973,644.409973,328900
ORLY,2021-10-21,647.919983,663.780029,643.799988,663.25,663.25,321700
ORLY,2021-10-22,664.52002,669.090027,659.909973,663.570007,663.570007,281800
ORLY,2021-10-25,664.73999,666.51001,659.419983,661.340027,661.340027,409500
ORLY,2021-10-26,662.530029,663.719971,657.130005,658.349976,658.349976,312500
ORLY,2021-10-27,658.090027,658.419983,647.099976,650.950012,650.950012,620600
ORLY,2021-10-28,644.0,645.320007,613.280029,624.799988,624.799988,951400
ORLY,2021-10-29,624.309998,632.369995,618.26001,622.320007,622.320007,552300
ORLY,2021-11-01,622.330017,625.440002,615.919983,619.72998,619.72998,535700
ORLY,2021-11-02,621.929993,628.950012,617.659973,621.099976,621.099976,592300
ORLY,2021-11-03,622.75,624.940002,614.01001,621.570007,621.570007,436100
ORLY,2021-11-04,620.830017,636.330017,620.830017,633.869995,633.869995,532400
ORLY,2021-11-05,637.0,639.659973,631.159973,638.080017,638.080017,311900
ORLY,2021-11-08,637.630005,640.619995,630.919983,635.159973,635.159973,238800
ORLY,2021-11-09,636.840027,647.549988,635.5,643.450012,643.450012,291800
ORLY,2021-11-10,642.789978,649.039978,642.789978,647.969971,647.969971,267500
ORLY,2021-11-11,649.23999,652.830017,644.429993,645.090027,645.090027,240100
ORLY,2021-11-12,649.909973,654.72998,645.429993,648.97998,648.97998,254900
ORLY,2021-11-15,649.030029,656.789978,648.23999,649.76001,649.76001,236900
ORLY,2021-11-16,648.679993,659.52002,645.619995,652.0,652.0,431400
ORLY,2021-11-17,653.919983,657.710022,639.580017,640.969971,640.969971,377500
ORLY,2021-11-18,642.359985,649.299988,638.530029,645.950012,645.950012,332100
ORLY,2021-11-19,648.849976,648.849976,634.900024,636.169983,636.169983,367000
ORLY,2021-11-22,638.0,646.559998,636.890015,640.169983,640.169983,411900
ORLY,2021-11-23,639.190002,653.359985,636.590027,651.309998,651.309998,286000
ORLY,2021-11-24,647.75,649.349976,642.530029,646.51001,646.51001,303100
ORLY,2021-11-26,640.419983,643.0,632.630005,635.72998,635.72998,255800
ORLY,2021-11-29,641.369995,647.880005,634.650024,644.150024,644.150024,315800
ORLY,2021-11-30,641.869995,651.820007,633.340027,638.159973,638.159973,690000
ORLY,2021-12-01,642.409973,652.429993,636.26001,636.73999,636.73999,454300
ORLY,2021-12-02,637.809998,663.409973,637.809998,657.349976,657.349976,560900
ORLY,2021-12-03,661.97998,668.48999,655.419983,659.179993,659.179993,467100
ORLY,2021-12-06,665.400024,672.869995,660.700012,661.429993,661.429993,395700
ORLY,2021-12-07,666.330017,675.799988,663.390015,672.789978,672.789978,482700
ORLY,2021-12-08,678.200012,683.190002,666.140015,674.719971,674.719971,396200
ORLY,2021-12-09,674.719971,680.919983,670.950012,672.0,672.0,297000
ORLY,2021-12-10,677.909973,682.429993,673.650024,682.369995,682.369995,261000
ORLY,2021-12-13,681.530029,683.719971,669.429993,671.76001,671.76001,429500
ORLY,2021-12-14,672.330017,673.109985,663.890015,667.359985,667.359985,519900
ORLY,2021-12-15,668.130005,689.900024,668.130005,687.210022,687.210022,424900
ORLY,2021-12-16,691.390015,696.580017,684.349976,687.469971,687.469971,472300
ORLY,2021-12-17,686.73999,691.369995,672.450012,676.070007,676.070007,1071300
ORLY,2021-12-20,672.909973,679.27002,662.340027,672.590027,672.590027,489300
ORLY,2021-12-21,672.590027,678.0,663.530029,674.719971,674.719971,383600
ORLY,2021-12-22,676.919983,681.51001,671.340027,681.450012,681.450012,337600
ORLY,2021-12-23,681.450012,688.73999,677.98999,679.419983,679.419983,261700
ORLY,2021-12-27,684.469971,693.219971,679.049988,692.440002,692.440002,321100
ORLY,2021-12-28,692.809998,698.039978,691.429993,696.869995,696.869995,243600
ORLY,2021-12-29,699.72998,710.159973,699.72998,708.140015,708.140015,252700
ORLY,2021-12-30,707.369995,710.859985,700.780029,701.77002,701.77002,229200
ORLY,2021-12-31,702.76001,710.690002,699.0,706.22998,706.22998,381900
ORLY,2022-01-03,703.76001,708.710022,688.47998,695.940002,695.940002,359300
ORLY,2022-01-04,694.849976,704.200012,694.679993,698.859985,698.859985,401000
ORLY,2022-01-05,700.76001,703.049988,684.429993,685.330017,685.330017,452000
ORLY,2022-01-06,689.309998,701.950012,687.159973,700.219971,700.219971,406200
ORLY,2022-01-07,699.969971,699.969971,681.289978,682.25,682.25,351100
ORLY,2022-01-10,681.719971,681.719971,664.440002,675.080017,675.080017,456700
ORLY,2022-01-11,673.359985,681.869995,664.940002,681.599976,681.599976,408500
ORLY,2022-01-12,683.27002,687.5,678.530029,683.599976,683.599976,354200
ORLY,2022-01-13,692.960022,693.669983,685.119995,687.73999,687.73999,292100
ORLY,2022-01-14,692.460022,692.789978,674.77002,678.869995,678.869995,590500
ORLY,2022-01-18,674.169983,677.039978,656.450012,665.669983,665.669983,543100
ORLY,2022-01-19,668.0,673.780029,658.890015,659.590027,659.590027,538000
ORLY,2022-01-20,659.640015,669.340027,646.090027,648.059998,648.059998,495100
ORLY,2022-01-21,649.929993,653.52002,633.809998,635.919983,635.919983,897300
ORLY,2022-01-24,630.890015,660.530029,630.890015,657.77002,657.77002,607100
ORLY,2022-01-25,655.0,656.97998,642.409973,646.369995,646.369995,686400
ORLY,2022-01-26,649.0,654.640015,629.98999,630.820007,630.820007,704700
ORLY,2022-01-27,638.47998,644.099976,631.0,634.669983,634.669983,499500
ORLY,2022-01-28,640.590027,643.52002,629.51001,643.52002,643.52002,681700
ORLY,2022-01-31,640.0,653.169983,636.109985,651.75,651.75,608400
ORLY,2022-02-01,651.359985,657.73999,645.27002,656.98999,656.98999,440800
ORLY,2022-02-02,658.409973,674.73999,652.679993,672.419983,672.419983,563800
ORLY,2022-02-03,666.390015,673.299988,658.140015,660.47998,660.47998,511900
ORLY,2022-02-04,656.219971,656.219971,634.159973,646.429993,646.429993,493200
ORLY,2022-02-07,647.02002,650.97998,633.0,634.030029,634.030029,513100
ORLY,2022-02-08,636.380005,645.450012,628.830017,637.130005,637.130005,481300
ORLY,2022-02-09,645.450012,651.080017,634.369995,640.219971,640.219971,669000
ORLY,2022-02-10,632.47998,670.539978,631.200012,658.450012,658.450012,1291500
ORLY,2022-02-11,660.659973,674.47998,655.0,668.280029,668.280029,688400
ORLY,2022-02-14,672.809998,672.809998,651.119995,661.039978,661.039978,783100
ORLY,2022-02-15,664.909973,677.809998,661.570007,674.76001,674.76001,671200
ORLY,2022-02-16,676.909973,680.960022,669.780029,678.440002,678.440002,588100
ORLY,2022-02-17,676.619995,683.23999,670.01001,674.940002,674.940002,602200
ORLY,2022-02-18,673.929993,684.440002,673.400024,676.960022,676.960022,569400
ORLY,2022-02-22,674.919983,677.460022,647.109985,652.210022,652.210022,975000
ORLY,2022-02-23,653.0,655.5,626.409973,631.75,631.75,626400
ORLY,2022-02-24,622.919983,638.27002,620.820007,637.159973,637.159973,620100
ORLY,2022-02-25,638.27002,655.280029,635.830017,654.710022,654.710022,403900
ORLY,2022-02-28,649.700012,653.669983,640.22998,649.23999,649.23999,729200
ORLY,2022-03-01,647.419983,660.419983,645.710022,656.52002,656.52002,748700
ORLY,2022-03-02,656.52002,681.440002,654.650024,675.869995,675.869995,580800
ORLY,2022-03-03,680.75,687.22998,673.710022,684.190002,684.190002,744400
ORLY,2022-03-04,679.419983,686.690002,671.679993,674.090027,674.090027,725300
ORLY,2022-03-07,674.0,682.409973,657.070007,660.429993,660.429993,574100
ORLY,2022-03-08,661.219971,672.780029,650.549988,655.169983,655.169983,584600
ORLY,2022-03-09,665.390015,679.77002,661.940002,674.700012,674.700012,493600
ORLY,2022-03-10,665.299988,676.950012,660.150024,675.580017,675.580017,454300
ORLY,2022-03-11,682.710022,689.75,674.679993,675.109985,675.109985,404900
ORLY,2022-03-14,678.070007,686.590027,670.330017,674.820007,674.820007,726400
ORLY,2022-03-15,679.73999,697.409973,675.590027,695.840027,695.840027,603400
ORLY,2022-03-16,698.219971,701.530029,683.330017,700.859985,700.859985,591100
ORLY,2022-03-17,696.049988,701.75,691.159973,701.320007,701.320007,488000
ORLY,2022-03-18,694.23999,696.150024,670.049988,689.97998,689.97998,958400
ORLY,2022-03-21,689.849976,691.190002,678.380005,685.469971,685.469971,515200
ORLY,2022-03-22,690.690002,690.75,681.559998,687.0,687.0,567800
ORLY,2022-03-23,686.840027,689.369995,680.01001,688.25,688.25,670500
ORLY,2022-03-24,688.179993,701.419983,684.799988,700.23999,700.23999,612400
ORLY,2022-03-25,702.869995,704.25,694.390015,703.359985,703.359985,521700
ORLY,2022-03-28,705.0,705.0,682.609985,686.549988,686.549988,578800
ORLY,2022-03-29,692.440002,703.619995,689.539978,702.52002,702.52002,538200
ORLY,2022-03-30,702.51001,704.159973,693.679993,696.530029,696.530029,484200
ORLY,2022-03-31,700.73999,700.73999,684.400024,684.960022,684.960022,563600
ORLY,2022-04-01,688.409973,692.159973,665.01001,667.429993,667.429993,532200
ORLY,2022-04-04,668.200012,687.559998,662.179993,686.849976,686.849976,532500
ORLY,2022-04-05,682.820007,697.950012,682.340027,690.48999,690.48999,662800
ORLY,2022-04-06,688.349976,702.590027,682.51001,701.140015,701.140015,496500
ORLY,2022-04-07,695.330017,728.450012,695.330017,726.830017,726.830017,750500
ORLY,2022-04-08,725.0,747.0,723.380005,736.469971,736.469971,476700
ORLY,2022-04-11,733.72998,739.349976,721.039978,723.940002,723.940002,364900
ORLY,2022-04-12,725.169983,732.210022,714.109985,717.549988,717.549988,455900
ORLY,2022-04-13,720.219971,724.940002,713.119995,724.099976,724.099976,384600
ORLY,2022-04-14,724.570007,729.5,712.869995,713.880005,713.880005,407900
ORLY,2022-04-18,710.0,727.349976,709.909973,721.619995,721.619995,469700
ORLY,2022-04-19,723.099976,733.419983,722.179993,730.289978,730.289978,475100
ORLY,2022-04-20,734.059998,744.719971,733.409973,743.859985,743.859985,431600
ORLY,2022-04-21,746.599976,748.679993,726.599976,728.150024,728.150024,433700
ORLY,2022-04-22,725.179993,725.5,706.130005,707.77002,707.77002,483100
ORLY,2022-04-25,706.940002,715.900024,699.210022,713.419983,713.419983,471200
ORLY,2022-04-26,713.719971,722.48999,707.409973,714.25,714.25,551100
ORLY,2022-04-27,714.25,722.48999,707.559998,713.289978,713.289978,643900
ORLY,2022-04-28,654.179993,666.48999,621.539978,623.280029,623.280029,1983800
ORLY,2022-04-29,624.890015,630.27002,606.01001,606.549988,606.549988,1149400
ORLY,2022-05-02,603.210022,624.700012,601.580017,610.650024,610.650024,917600
ORLY,2022-05-03,612.119995,613.869995,596.309998,603.48999,603.48999,676600
ORLY,2022-05-04,601.780029,629.47998,599.900024,628.080017,628.080017,816800
ORLY,2022-05-05,624.27002,627.5,596.929993,603.549988,603.549988,683100
ORLY,2022-05-06,599.049988,609.429993,586.820007,608.400024,608.400024,683500
ORLY,2022-05-09,603.789978,614.51001,600.150024,610.070007,610.070007,872500
ORLY,2022-05-10,622.349976,627.98999,604.27002,611.809998,611.809998,842800
ORLY,2022-05-11,608.109985,619.809998,603.780029,607.530029,607.530029,810100
ORLY,2022-05-12,606.340027,628.179993,606.340027,622.340027,622.340027,770900
ORLY,2022-05-13,619.51001,643.130005,619.01001,635.619995,635.619995,594600
ORLY,2022-05-16,634.349976,643.969971,629.700012,638.830017,638.830017,566100
ORLY,2022-05-17,648.98999,652.299988,636.099976,648.340027,648.340027,533700
ORLY,2022-05-18,637.320007,638.51001,592.549988,599.869995,599.869995,963700
ORLY,2022-05-19,597.609985,609.830017,586.349976,601.530029,601.530029,805500
ORLY,2022-05-20,602.27002,602.609985,562.900024,572.570007,572.570007,1513500
ORLY,2022-05-23,580.570007,583.219971,567.669983,579.109985,579.109985,875600
ORLY,2022-05-24,585.530029,611.609985,578.109985,608.179993,608.179993,768900
ORLY,2022-05-25,608.169983,619.080017,604.0,615.789978,615.789978,690100
ORLY,2022-05-26,620.0,642.719971,617.619995,639.150024,639.150024,525600
ORLY,2022-05-27,639.02002,649.880005,639.02002,647.340027,647.340027,513500
ORLY,2022-05-31,641.27002,647.359985,634.159973,637.169983,637.169983,659100
ORLY,2022-06-01,640.0,641.0,623.969971,624.609985,624.609985,544900
ORLY,2022-06-02,624.869995,634.47998,613.599976,634.119995,634.119995,502100
ORLY,2022-06-03,631.76001,637.72998,612.5,631.609985,631.609985,350800
ORLY,2022-06-06,634.469971,639.559998,629.030029,637.799988,637.799988,314700
ORLY,2022-06-07,632.369995,637.0,626.030029,634.840027,634.840027,330700
ORLY,2022-06-08,635.030029,636.0,624.090027,624.830017,624.830017,406000
ORLY,2022-06-09,620.0,633.580017,618.609985,619.130005,619.130005,546000
ORLY,2022-06-10,612.52002,615.150024,605.469971,607.440002,607.440002,525400
ORLY,2022-06-13,595.909973,604.599976,590.0,594.27002,594.27002,751100
ORLY,2022-06-14,598.869995,607.969971,593.780029,596.690002,596.690002,548100
ORLY,2022-06-15,607.179993,607.179993,593.820007,599.01001,599.01001,486600
ORLY,2022-06-16,591.780029,593.080017,580.01001,585.0,585.0,640091
BURL,2021-06-17,310.279999,310.799988,300.119995,304.76001,304.76001,334700
BURL,2021-06-18,301.269989,305.549988,300.670013,301.579987,301.579987,594800
BURL,2021-06-21,303.290009,310.420013,302.029999,310.079987,310.079987,290600
BURL,2021-06-22,311.269989,314.980011,307.929993,314.959991,314.959991,355500
BURL,2021-06-23,315.179993,317.380005,312.859985,314.640015,314.640015,469600
BURL,2021-06-24,318.549988,323.690002,316.429993,322.609985,322.609985,780800
BURL,2021-06-25,323.5,329.200012,319.25,326.019989,326.019989,962400
BURL,2021-06-28,323.709991,324.549988,316.390015,319.100006,319.100006,427900
BURL,2021-06-29,319.73999,322.640015,318.130005,318.730011,318.730011,450400
BURL,2021-06-30,319.130005,323.269989,317.230011,321.98999,321.98999,466600
BURL,2021-07-01,322.820007,328.070007,322.700012,326.269989,326.269989,333500
BURL,2021-07-02,327.950012,332.98999,325.429993,331.929993,331.929993,239500
BURL,2021-07-06,331.589996,336.140015,328.529999,334.690002,334.690002,396900
BURL,2021-07-07,335.220001,336.429993,323.929993,324.98999,324.98999,508000
BURL,2021-07-08,320.130005,326.359985,315.670013,322.200012,322.200012,415700
BURL,2021-07-09,327.450012,331.570007,324.630005,329.890015,329.890015,282600
BURL,2021-07-12,327.579987,332.269989,323.779999,330.279999,330.279999,368300
BURL,2021-07-13,329.910004,330.399994,327.5,329.709991,329.709991,376200
BURL,2021-07-14,329.950012,334.880005,329.690002,330.880005,330.880005,285600
BURL,2021-07-15,328.869995,332.48999,326.799988,329.579987,329.579987,301300
BURL,2021-07-16,332.040009,332.279999,319.429993,320.480011,320.480011,368900
BURL,2021-07-19,314.980011,317.769989,308.76001,311.290009,311.290009,472700
BURL,2021-07-20,313.070007,320.679993,309.290009,318.730011,318.730011,659800
BURL,2021-07-21,321.48999,327.059998,321.350006,325.880005,325.880005,358700
BURL,2021-07-22,327.23999,327.890015,321.089996,325.179993,325.179993,250600
BURL,2021-07-23,324.529999,330.600006,323.890015,329.970001,329.970001,251800
BURL,2021-07-26,329.410004,333.429993,328.350006,329.730011,329.730011,233100
BURL,2021-07-27,327.950012,331.390015,323.579987,324.839996,324.839996,560200
BURL,2021-07-28,323.459991,326.890015,320.679993,324.5,324.5,185100
BURL,2021-07-29,325.929993,331.519989,324.480011,329.519989,329.519989,186600
BURL,2021-07-30,326.640015,338.480011,326.640015,334.799988,334.799988,467800
BURL,2021-08-02,336.820007,337.410004,330.079987,330.609985,330.609985,335300
BURL,2021-08-03,331.359985,338.869995,328.230011,338.660004,338.660004,226100
BURL,2021-08-04,335.730011,340.0,331.230011,332.579987,332.579987,337700
BURL,2021-08-05,334.890015,339.399994,333.76001,335.690002,335.690002,228500
BURL,2021-08-06,337.029999,339.320007,336.040009,338.25,338.25,203400
BURL,2021-08-09,337.0,338.5,331.049988,333.76001,333.76001,194700
BURL,2021-08-10,334.559998,353.5,333.619995,352.200012,352.200012,735800
BURL,2021-08-11,353.730011,357.339996,349.130005,352.640015,352.640015,291000
BURL,2021-08-12,355.190002,357.079987,345.839996,346.0,346.0,363200
BURL,2021-08-13,344.589996,347.480011,340.649994,342.850006,342.850006,445700
BURL,2021-08-16,343.380005,344.160004,339.019989,340.799988,340.799988,610400
BURL,2021-08-17,339.339996,339.339996,327.75,328.98999,328.98999,789200
BURL,2021-08-18,328.700012,341.029999,327.200012,337.049988,337.049988,1077800
BURL,2021-08-19,333.410004,349.48999,330.709991,348.890015,348.890015,599700
BURL,2021-08-20,347.809998,350.140015,343.190002,347.519989,347.519989,497700
BURL,2021-08-23,350.429993,352.190002,341.640015,342.029999,342.029999,608900
BURL,2021-08-24,342.480011,348.190002,341.079987,345.98999,345.98999,698900
BURL,2021-08-25,345.769989,351.5,343.290009,350.149994,350.149994,722600
BURL,2021-08-26,320.290009,324.0,312.299988,318.01001,318.01001,2782600
BURL,2021-08-27,315.0,318.350006,308.559998,309.529999,309.529999,1117500
BURL,2021-08-30,308.51001,309.700012,300.130005,301.730011,301.730011,1813800
BURL,2021-08-31,301.410004,302.700012,298.839996,299.48999,299.48999,936000
BURL,2021-09-01,300.450012,305.230011,298.019989,304.130005,304.130005,1105900
BURL,2021-09-02,303.799988,305.130005,301.01001,302.480011,302.480011,724500
BURL,2021-09-03,301.23999,302.160004,294.140015,297.5,297.5,567500
BURL,2021-09-07,297.98999,299.850006,295.420013,297.089996,297.089996,606800
BURL,2021-09-08,296.540009,298.100006,290.299988,292.200012,292.200012,889700
BURL,2021-09-09,291.910004,298.959991,291.429993,294.179993,294.179993,606100
BURL,2021-09-10,294.549988,295.929993,287.01001,287.149994,287.149994,666600
BURL,2021-09-13,288.850006,290.589996,285.75,289.890015,289.890015,599200
BURL,2021-09-14,291.25,291.25,284.829987,290.429993,290.429993,512700
BURL,2021-09-15,288.089996,288.679993,283.940002,287.589996,287.589996,418800
BURL,2021-09-16,289.279999,293.5,287.279999,292.410004,292.410004,482900
BURL,2021-09-17,293.769989,300.220001,293.769989,296.160004,296.160004,1259300
BURL,2021-09-20,292.700012,296.899994,288.119995,292.26001,292.26001,646300
BURL,2021-09-21,294.839996,296.459991,291.700012,294.140015,294.140015,311800
BURL,2021-09-22,296.209991,299.410004,293.920013,296.730011,296.730011,412300
BURL,2021-09-23,299.420013,305.98999,296.23999,303.279999,303.279999,526600
BURL,2021-09-24,301.98999,308.0,300.209991,304.859985,304.859985,409800
BURL,2021-09-27,306.410004,314.709991,306.410004,307.839996,307.839996,392500
BURL,2021-09-28,307.350006,307.559998,300.420013,303.070007,303.070007,361700
BURL,2021-09-29,305.380005,308.799988,302.959991,303.179993,303.179993,340000
BURL,2021-09-30,301.299988,301.299988,283.01001,283.570007,283.570007,906900
BURL,2021-10-01,284.279999,288.779999,281.26001,284.940002,284.940002,647200
BURL,2021-10-04,282.720001,285.76001,275.679993,277.23999,277.23999,712300
BURL,2021-10-05,277.269989,282.779999,276.230011,277.429993,277.429993,591100
BURL,2021-10-06,274.98999,277.839996,269.559998,270.559998,270.559998,634100
BURL,2021-10-07,272.25,281.070007,272.25,278.720001,278.720001,622300
BURL,2021-10-08,278.549988,279.579987,275.630005,277.450012,277.450012,594500
BURL,2021-10-11,275.910004,277.170013,265.5,265.679993,265.679993,766300
BURL,2021-10-12,267.279999,269.399994,265.640015,267.630005,267.630005,667100
BURL,2021-10-13,268.200012,270.23999,264.070007,264.170013,264.170013,794800
BURL,2021-10-14,251.979996,271.630005,251.190002,269.790009,269.790009,981800
BURL,2021-10-15,271.619995,273.070007,268.109985,268.929993,268.929993,658400
BURL,2021-10-18,268.290009,276.109985,266.619995,275.529999,275.529999,728100
BURL,2021-10-19,277.0,277.0,269.730011,272.709991,272.709991,561900
BURL,2021-10-20,275.290009,282.559998,273.480011,275.959991,275.959991,712700
BURL,2021-10-21,276.089996,282.459991,275.070007,280.869995,280.869995,370700
BURL,2021-10-22,279.070007,280.410004,274.910004,278.339996,278.339996,339800
BURL,2021-10-25,279.440002,281.190002,276.48999,276.98999,276.98999,264500
BURL,2021-10-26,279.670013,279.670013,275.519989,277.170013,277.170013,257800
BURL,2021-10-27,278.559998,279.359985,267.679993,271.51001,271.51001,887700
BURL,2021-10-28,274.049988,276.190002,272.390015,275.859985,275.859985,662900
BURL,2021-10-29,273.839996,278.75,273.339996,276.290009,276.290009,383900
BURL,2021-11-01,276.480011,288.200012,276.480011,287.350006,287.350006,638400
BURL,2021-11-02,286.790009,288.730011,284.459991,287.059998,287.059998,466900
BURL,2021-11-03,287.779999,293.0,286.0,290.839996,290.839996,449500
BURL,2021-11-04,290.079987,294.820007,288.440002,293.839996,293.839996,397000
BURL,2021-11-05,298.01001,301.529999,294.970001,297.880005,297.880005,418900
BURL,2021-11-08,297.899994,299.410004,291.799988,293.429993,293.429993,375900
BURL,2021-11-09,293.420013,299.309998,293.420013,299.25,299.25,311300
BURL,2021-11-10,297.619995,299.649994,291.540009,292.630005,292.630005,399400
BURL,2021-11-11,283.170013,286.820007,269.799988,269.820007,269.820007,1376700
BURL,2021-11-12,271.76001,272.119995,265.660004,269.519989,269.519989,1039600
BURL,2021-11-15,272.209991,275.369995,269.829987,270.660004,270.660004,860800
BURL,2021-11-16,273.100006,275.290009,270.51001,274.350006,274.350006,679700
BURL,2021-11-17,281.899994,288.679993,272.019989,275.779999,275.779999,1170300
BURL,2021-11-18,279.019989,281.51001,273.059998,274.920013,274.920013,660300
BURL,2021-11-19,271.51001,272.959991,262.299988,264.970001,264.970001,831300
BURL,2021-11-22,268.559998,269.540009,259.779999,263.0,263.0,712700
BURL,2021-11-23,271.98999,292.299988,268.820007,285.549988,285.549988,2313500
BURL,2021-11-24,281.950012,293.309998,274.420013,290.089996,290.089996,1572200
BURL,2021-11-26,281.720001,286.579987,275.420013,283.850006,283.850006,917400
BURL,2021-11-29,297.0,297.0,285.589996,293.369995,293.369995,1154700
BURL,2021-11-30,290.820007,293.820007,287.559998,293.130005,293.130005,1161000
BURL,2021-12-01,295.920013,304.179993,280.399994,280.660004,280.660004,1202600
BURL,2021-12-02,281.850006,296.269989,281.359985,293.0,293.0,1025000
BURL,2021-12-03,291.779999,292.670013,285.179993,288.559998,288.559998,817700
BURL,2021-12-06,293.540009,294.649994,286.730011,288.149994,288.149994,632100
BURL,2021-12-07,292.0,296.359985,289.269989,293.320007,293.320007,604800
BURL,2021-12-08,294.679993,295.179993,288.420013,289.850006,289.850006,438100
BURL,2021-12-09,287.48999,289.609985,284.890015,287.640015,287.640015,527400
BURL,2021-12-10,289.630005,290.209991,284.540009,289.200012,289.200012,380100
BURL,2021-12-13,287.470001,291.100006,277.480011,278.170013,278.170013,570200
BURL,2021-12-14,277.01001,285.829987,276.109985,280.079987,280.079987,650700
BURL,2021-12-15,278.119995,281.359985,273.600006,278.920013,278.920013,647200
BURL,2021-12-16,285.179993,286.200012,270.679993,271.380005,271.380005,719700
BURL,2021-12-17,267.079987,278.059998,263.119995,277.23999,277.23999,922000
BURL,2021-12-20,272.149994,272.559998,267.0,271.820007,271.820007,659900
BURL,2021-12-21,274.119995,282.549988,273.660004,282.48999,282.48999,609700
BURL,2021-12-22,281.329987,286.200012,280.019989,286.200012,286.200012,788000
BURL,2021-12-23,286.799988,289.149994,283.600006,287.190002,287.190002,485200
BURL,2021-12-27,287.200012,289.459991,285.399994,289.23999,289.23999,412200
BURL,2021-12-28,287.730011,291.920013,287.730011,289.839996,289.839996,496000
BURL,2021-12-29,289.869995,293.070007,288.299988,292.059998,292.059998,233900
BURL,2021-12-30,290.769989,295.299988,290.559998,293.230011,293.230011,333300
BURL,2021-12-31,294.119995,294.119995,290.459991,291.51001,291.51001,251000
BURL,2022-01-03,289.410004,292.959991,288.0,289.0,289.0,584600
BURL,2022-01-04,289.0,291.26001,284.079987,284.850006,284.850006,528700
BURL,2022-01-05,283.559998,286.299988,274.179993,274.320007,274.320007,607800
BURL,2022-01-06,271.410004,276.350006,267.380005,268.790009,268.790009,481600
BURL,2022-01-07,265.619995,266.350006,251.380005,253.479996,253.479996,1373900
BURL,2022-01-10,250.690002,252.619995,233.669998,247.0,247.0,2649200
BURL,2022-01-11,246.610001,251.020004,242.240005,247.669998,247.669998,760700
BURL,2022-01-12,247.600006,252.0,242.149994,245.320007,245.320007,694300
BURL,2022-01-13,245.919998,249.25,238.330002,239.169998,239.169998,644200
BURL,2022-01-14,236.080002,236.369995,222.75,229.990005,229.990005,1209800
BURL,2022-01-18,224.600006,226.440002,217.639999,219.080002,219.080002,1201200
BURL,2022-01-19,223.0,229.600006,220.380005,224.0,224.0,1234000
BURL,2022-01-20,219.539993,225.119995,215.009995,215.830002,215.830002,1455500
BURL,2022-01-21,214.5,216.960007,208.130005,213.850006,213.850006,1097300
BURL,2022-01-24,206.699997,230.080002,206.699997,229.600006,229.600006,1492600
BURL,2022-01-25,226.389999,236.649994,225.089996,231.669998,231.669998,1543300
BURL,2022-01-26,233.460007,239.0,227.050003,229.320007,229.320007,1002200
BURL,2022-01-27,233.869995,237.100006,223.550003,224.479996,224.479996,649000
BURL,2022-01-28,224.100006,230.589996,218.0,230.289993,230.289993,627100
BURL,2022-01-31,229.309998,237.210007,227.380005,236.929993,236.929993,593900
BURL,2022-02-01,237.410004,243.940002,235.449997,238.270004,238.270004,646200
BURL,2022-02-02,239.639999,240.0,229.509995,231.059998,231.059998,688700
BURL,2022-02-03,228.820007,233.899994,225.0,228.949997,228.949997,937500
BURL,2022-02-04,226.789993,229.050003,219.419998,223.399994,223.399994,735900
BURL,2022-02-07,223.330002,226.399994,219.020004,222.75,222.75,565800
BURL,2022-02-08,222.309998,229.850006,220.789993,227.899994,227.899994,426100
BURL,2022-02-09,231.470001,235.350006,230.889999,233.039993,233.039993,508200
BURL,2022-02-10,230.789993,242.229996,230.789993,234.699997,234.699997,589900
BURL,2022-02-11,235.800003,236.580002,227.229996,230.100006,230.100006,604800
BURL,2022-02-14,230.639999,233.119995,223.979996,224.589996,224.589996,501300
BURL,2022-02-15,226.369995,232.449997,225.419998,232.029999,232.029999,582400
BURL,2022-02-16,230.0,232.520004,226.080002,229.149994,229.149994,349300
BURL,2022-02-17,225.809998,228.139999,215.369995,217.520004,217.520004,580000
BURL,2022-02-18,218.389999,224.169998,217.960007,221.059998,221.059998,422900
BURL,2022-02-22,223.779999,230.929993,218.059998,220.669998,220.669998,890100
BURL,2022-02-23,212.800003,218.690002,209.149994,210.0,210.0,1146800
BURL,2022-02-24,205.0,219.229996,204.949997,218.369995,218.369995,1020000
BURL,2022-02-25,215.740005,226.350006,214.770004,225.639999,225.639999,521700
BURL,2022-02-28,222.0,226.089996,220.259995,225.889999,225.889999,799200
BURL,2022-03-01,225.139999,232.070007,221.25,224.279999,224.279999,818300
BURL,2022-03-02,228.179993,239.460007,226.410004,233.339996,233.339996,1214000
BURL,2022-03-03,206.690002,218.470001,191.360001,203.119995,203.119995,3809400
BURL,2022-03-04,199.309998,202.960007,184.220001,189.669998,189.669998,1677800
BURL,2022-03-07,189.880005,189.880005,173.100006,173.160004,173.160004,1535700
BURL,2022-03-08,172.630005,186.949997,171.149994,180.520004,180.520004,1195200
BURL,2022-03-09,187.220001,192.160004,185.740005,185.779999,185.779999,1086800
BURL,2022-03-10,181.720001,197.139999,181.720001,195.619995,195.619995,1026500
BURL,2022-03-11,197.339996,200.350006,194.440002,197.0,197.0,1407600
BURL,2022-03-14,198.179993,199.380005,194.410004,194.970001,194.970001,929800
BURL,2022-03-15,198.289993,202.740005,193.360001,196.339996,196.339996,841100
BURL,2022-03-16,197.850006,206.479996,195.389999,199.630005,199.630005,866200
BURL,2022-03-17,195.960007,200.360001,193.490005,199.100006,199.100006,771700
BURL,2022-03-18,197.240005,197.550003,192.039993,197.199997,197.199997,907800
BURL,2022-03-21,196.860001,197.270004,187.509995,188.619995,188.619995,1242900
BURL,2022-03-22,190.0,195.490005,190.0,191.210007,191.210007,1251600
BURL,2022-03-23,189.119995,189.119995,181.020004,181.919998,181.919998,689400
BURL,2022-03-24,183.309998,185.0,181.25,183.699997,183.699997,782800
BURL,2022-03-25,184.0,185.029999,181.539993,182.830002,182.830002,527400
BURL,2022-03-28,181.509995,187.220001,180.009995,187.0,187.0,581400
BURL,2022-03-29,192.160004,199.789993,189.479996,198.630005,198.630005,1019900
BURL,2022-03-30,193.889999,197.630005,189.720001,190.389999,190.389999,585600
BURL,2022-03-31,189.25,190.619995,182.160004,182.169998,182.169998,660900
BURL,2022-04-01,183.940002,185.259995,181.050003,181.949997,181.949997,650500
BURL,2022-04-04,181.740005,188.600006,180.0,187.820007,187.820007,620300
BURL,2022-04-05,184.009995,187.419998,179.679993,185.649994,185.649994,761100
BURL,2022-04-06,182.050003,191.800003,181.449997,190.860001,190.860001,920000
BURL,2022-04-07,190.309998,195.660004,188.970001,194.800003,194.800003,992500
BURL,2022-04-08,194.009995,198.789993,192.580002,194.240005,194.240005,704100
BURL,2022-04-11,194.190002,207.949997,193.509995,207.020004,207.020004,1330900
BURL,2022-04-12,209.330002,215.580002,206.0,207.710007,207.710007,1092800
BURL,2022-04-13,206.050003,215.919998,205.020004,213.0,213.0,1098100
BURL,2022-04-14,214.059998,216.190002,211.679993,213.850006,213.850006,556700
BURL,2022-04-18,213.820007,220.740005,211.449997,218.960007,218.960007,830100
BURL,2022-04-19,219.360001,229.550003,219.360001,227.539993,227.539993,831000
BURL,2022-04-20,229.990005,231.289993,222.050003,222.550003,222.550003,768400
BURL,2022-04-21,224.940002,226.559998,215.190002,217.570007,217.570007,856000
BURL,2022-04-22,212.669998,214.300003,206.580002,209.149994,209.149994,832300
BURL,2022-04-25,208.0,210.630005,201.630005,209.25,209.25,1068800
BURL,2022-04-26,206.369995,208.270004,200.259995,203.160004,203.160004,572700
BURL,2022-04-27,203.990005,211.0,202.580002,206.320007,206.320007,622600
BURL,2022-04-28,210.639999,215.199997,204.089996,213.539993,213.539993,603000
BURL,2022-04-29,210.0,211.809998,203.300003,203.559998,203.559998,618600
BURL,2022-05-02,202.649994,211.710007,202.649994,211.679993,211.679993,689000
BURL,2022-05-03,211.020004,212.649994,205.550003,208.619995,208.619995,506500
BURL,2022-05-04,209.669998,216.130005,203.360001,214.320007,214.320007,741500
BURL,2022-05-05,212.410004,214.080002,204.119995,207.910004,207.910004,583300
BURL,2022-05-06,209.25,209.25,193.429993,196.699997,196.699997,1243900
BURL,2022-05-09,193.960007,197.520004,187.910004,188.619995,188.619995,1541600
BURL,2022-05-10,193.449997,193.570007,173.820007,183.0,183.0,2169400
BURL,2022-05-11,183.929993,185.690002,172.690002,173.460007,173.460007,952700
BURL,2022-05-12,171.059998,180.25,168.559998,172.029999,172.029999,1234800
BURL,2022-05-13,173.970001,176.630005,171.149994,172.5,172.5,895700
BURL,2022-05-16,170.809998,174.610001,168.089996,172.460007,172.460007,1145300
BURL,2022-05-17,173.830002,175.029999,166.360001,174.839996,174.839996,1206500
BURL,2022-05-18,179.820007,187.429993,176.220001,177.460007,177.460007,2242900
BURL,2022-05-19,175.169998,179.910004,173.860001,177.199997,177.199997,1476400
BURL,2022-05-20,161.5,161.929993,144.369995,150.710007,150.710007,4005800
BURL,2022-05-23,150.509995,158.630005,149.339996,155.449997,155.449997,1254400
BURL,2022-05-24,151.720001,152.279999,142.410004,145.449997,145.449997,1353700
BURL,2022-05-25,144.860001,158.380005,144.309998,156.289993,156.289993,1318400
BURL,2022-05-26,160.0,175.160004,159.509995,169.869995,169.869995,2049300
BURL,2022-05-27,168.029999,173.100006,165.100006,171.630005,171.630005,1605200
BURL,2022-05-31,167.509995,170.550003,162.339996,168.300003,168.300003,1474900
BURL,2022-06-01,170.639999,170.729996,163.470001,164.949997,164.949997,905900
BURL,2022-06-02,165.509995,176.119995,165.259995,174.149994,174.149994,939600
BURL,2022-06-03,172.220001,175.509995,169.649994,170.869995,170.869995,790900
BURL,2022-06-06,171.880005,175.259995,168.809998,174.889999,174.889999,804300
BURL,2022-06-07,170.050003,176.789993,169.330002,176.380005,176.380005,879800
BURL,2022-06-08,175.360001,179.339996,173.449997,176.220001,176.220001,771100
BURL,2022-06-09,174.720001,177.240005,173.369995,173.910004,173.910004,570800
BURL,2022-06-10,171.899994,173.199997,166.869995,168.229996,168.229996,704300
BURL,2022-06-13,163.229996,166.550003,160.199997,161.089996,161.089996,766100
BURL,2022-06-14,162.179993,164.850006,158.169998,158.429993,158.429993,696100
BURL,2022-06-15,159.160004,163.639999,159.009995,161.220001,161.220001,556700
BURL,2022-06-16,156.919998,157.039993,149.970001,151.130005,151.130005,1153320
ROST,2021-06-17,119.059998,119.309998,116.589996,118.230003,116.782021,3734400
ROST,2021-06-18,116.720001,117.110001,114.559998,115.260002,113.848396,4148500
ROST,2021-06-21,115.980003,119.489998,115.980003,119.410004,117.947578,2264400
ROST,2021-06-22,119.290001,120.889999,118.540001,120.400002,118.925446,1571500
ROST,2021-06-23,120.0,121.559998,119.650002,120.879997,119.399567,1291500
ROST,2021-06-24,122.010002,123.43,121.510002,123.169998,121.661514,1652600
ROST,2021-06-25,124.089996,125.050003,123.07,123.57,122.056625,3143700
ROST,2021-06-28,123.459999,123.459999,121.089996,121.779999,120.288544,1271100
ROST,2021-06-29,122.199997,122.839996,121.790001,122.160004,120.663902,1249900
ROST,2021-06-30,122.449997,124.43,122.059998,124.0,122.481354,1792500
ROST,2021-07-01,124.0,125.360001,124.0,124.989998,123.459236,1499300
ROST,2021-07-02,125.129997,126.519997,124.82,126.25,124.703796,1220400
ROST,2021-07-06,126.629997,126.760002,124.610001,126.519997,124.970497,2446200
ROST,2021-07-07,127.050003,127.580002,123.540001,124.089996,122.570251,1581600
ROST,2021-07-08,123.309998,123.309998,120.160004,121.669998,120.179886,1643300
ROST,2021-07-09,122.610001,124.82,122.610001,124.769997,123.241928,1412800
ROST,2021-07-12,123.93,124.629997,123.239998,124.099998,122.580132,1079200
ROST,2021-07-13,123.959999,124.300003,122.470001,122.669998,121.167641,1177200
ROST,2021-07-14,123.419998,125.510002,123.25,124.889999,123.360451,1290500
ROST,2021-07-15,123.32,124.25,122.690002,123.699997,122.185036,1486300
ROST,2021-07-16,124.080002,124.529999,119.300003,119.489998,118.026596,2197700
ROST,2021-07-19,117.580002,117.860001,114.389999,115.540001,114.124969,2106400
ROST,2021-07-20,115.639999,119.330002,114.489998,118.589996,117.137604,1984600
ROST,2021-07-21,118.959999,121.870003,118.959999,121.650002,120.160149,1830500
ROST,2021-07-22,121.709999,121.739998,120.349998,121.199997,119.715645,1025600
ROST,2021-07-23,122.050003,122.620003,120.980003,121.68,120.189774,962100
ROST,2021-07-26,121.529999,122.449997,120.529999,122.389999,120.891075,1195800
ROST,2021-07-27,122.349998,123.260002,120.870003,121.629997,120.140381,2150500
ROST,2021-07-28,121.599998,122.540001,120.760002,121.18,119.695892,1123100
ROST,2021-07-29,121.349998,123.959999,121.349998,122.580002,121.078743,1166000
ROST,2021-07-30,122.050003,125.330002,121.669998,122.690002,121.187401,1197800
ROST,2021-08-02,123.360001,123.660004,120.720001,121.010002,119.527985,906800
ROST,2021-08-03,121.620003,122.07,119.110001,122.0,120.505852,1157800
ROST,2021-08-04,121.660004,121.779999,118.620003,118.699997,117.246262,1464800
ROST,2021-08-05,119.589996,121.330002,119.169998,120.669998,119.192139,1305500
ROST,2021-08-06,121.010002,123.169998,120.860001,123.089996,121.582504,1414000
ROST,2021-08-09,122.529999,122.800003,120.720001,121.459999,119.972466,1080300
ROST,2021-08-10,121.800003,126.400002,121.379997,125.739998,124.20005,1635400
ROST,2021-08-11,126.18,127.330002,125.400002,127.25,125.691559,1436300
ROST,2021-08-12,127.019997,127.339996,124.510002,125.43,123.893837,1075800
ROST,2021-08-13,125.449997,125.709999,124.230003,124.660004,123.133278,1308700
ROST,2021-08-16,124.639999,124.910004,122.709999,124.800003,123.271561,1133600
ROST,2021-08-17,123.629997,124.050003,120.110001,120.760002,119.281036,1839300
ROST,2021-08-18,120.839996,125.690002,119.860001,124.050003,122.530746,2526700
ROST,2021-08-19,123.040001,126.860001,122.489998,126.580002,125.029755,2594000
ROST,2021-08-20,121.879997,123.57,118.919998,123.120003,121.612129,4914800
ROST,2021-08-23,123.769997,125.720001,123.389999,124.449997,122.925842,1728600
ROST,2021-08-24,124.949997,125.629997,123.470001,123.790001,122.273926,2393700
ROST,2021-08-25,123.449997,124.379997,122.099998,123.980003,122.461601,1683100
ROST,2021-08-26,122.760002,122.870003,118.410004,119.25,117.789528,2400300
ROST,2021-08-27,119.199997,120.260002,118.199997,118.889999,117.433937,2130700
ROST,2021-08-30,119.220001,119.669998,117.82,118.480003,117.028954,1306100
ROST,2021-08-31,118.300003,118.68,117.529999,118.400002,116.949936,1960400
ROST,2021-09-01,118.629997,118.75,116.660004,117.529999,116.090591,1512100
ROST,2021-09-02,117.349998,117.720001,116.699997,116.959999,115.52758,1331600
ROST,2021-09-03,115.910004,116.559998,115.199997,115.379997,114.245316,1243600
ROST,2021-09-07,114.839996,115.129997,113.720001,114.519997,113.393768,2130700
ROST,2021-09-08,114.739998,114.889999,113.160004,114.25,113.126427,1990000
ROST,2021-09-09,114.370003,116.099998,114.150002,114.269997,113.146225,1340300
ROST,2021-09-10,114.75,115.029999,112.730003,112.809998,111.700592,1302500
ROST,2021-09-13,113.889999,114.57,112.989998,113.550003,112.433319,1330100
ROST,2021-09-14,114.489998,114.540001,112.110001,112.419998,111.31443,1670500
ROST,2021-09-15,111.919998,113.040001,111.440002,112.910004,111.799614,1554900
ROST,2021-09-16,113.230003,114.239998,112.949997,113.650002,112.532333,2031200
ROST,2021-09-17,114.199997,115.779999,113.809998,114.620003,113.49279,2795300
ROST,2021-09-20,113.339996,114.459999,111.620003,113.129997,112.017441,1355100
ROST,2021-09-21,114.040001,115.419998,113.419998,113.830002,112.710564,1561900
ROST,2021-09-22,115.120003,115.790001,114.07,114.190002,113.067024,1036300
ROST,2021-09-23,114.230003,117.470001,114.230003,115.559998,114.423538,1242400
ROST,2021-09-24,114.779999,116.209999,114.620003,115.989998,114.849312,1099400
ROST,2021-09-27,115.75,118.629997,115.75,116.599998,115.453323,1234600
ROST,2021-09-28,115.709999,116.230003,113.379997,114.550003,113.423485,1380200
ROST,2021-09-29,115.370003,116.519997,114.480003,114.970001,113.83934,984600
ROST,2021-09-30,113.400002,114.139999,108.470001,108.849998,107.779533,3208800
ROST,2021-10-01,109.57,112.18,108.980003,111.089996,109.997498,2634300
ROST,2021-10-04,110.989998,112.440002,109.849998,110.209999,109.12616,1577200
ROST,2021-10-05,109.910004,110.510002,108.120003,108.32,107.254745,2838500
ROST,2021-10-06,107.669998,107.940002,104.919998,105.879997,104.838737,3235700
ROST,2021-10-07,107.360001,109.519997,107.040001,107.910004,106.848778,1764300
ROST,2021-10-08,108.349998,108.93,107.239998,107.870003,106.809174,1549500
ROST,2021-10-11,107.68,108.410004,105.5,105.540001,104.50209,1437000
ROST,2021-10-12,106.080002,107.160004,105.779999,106.199997,105.155586,1162500
ROST,2021-10-13,107.18,107.620003,106.120003,106.639999,105.59127,1320100
ROST,2021-10-14,105.720001,108.839996,105.629997,108.139999,107.076523,1344300
ROST,2021-10-15,109.150002,109.730003,108.25,108.709999,107.6409,1383100
ROST,2021-10-18,108.07,109.730003,107.059998,109.5,108.423141,1353100
ROST,2021-10-19,109.93,109.93,108.089996,108.660004,107.5914,1153900
ROST,2021-10-20,108.82,110.739998,108.68,109.190002,108.116196,1259700
ROST,2021-10-21,109.550003,110.809998,109.550003,110.709999,109.621239,801800
ROST,2021-10-22,110.980003,111.010002,109.839996,110.389999,109.30439,718400
ROST,2021-10-25,111.0,113.25,110.830002,113.120003,112.007545,1689000
ROST,2021-10-26,113.379997,114.510002,112.709999,113.860001,112.740265,2056400
ROST,2021-10-27,113.860001,114.080002,110.559998,110.660004,109.571732,1759000
ROST,2021-10-28,111.470001,113.709999,110.830002,112.970001,111.859016,3301500
ROST,2021-10-29,112.970001,113.489998,112.32,113.199997,112.086754,1927300
ROST,2021-11-01,113.050003,115.139999,112.610001,114.010002,112.888794,1482800
ROST,2021-11-02,114.949997,115.989998,113.089996,114.540001,113.413574,1666600
ROST,2021-11-03,114.459999,117.449997,114.459999,117.330002,116.17614,1356800
ROST,2021-11-04,117.489998,118.32,116.900002,117.589996,116.433578,1097500
ROST,2021-11-05,118.379997,120.599998,118.379997,119.650002,118.473328,1496600
ROST,2021-11-08,119.949997,120.110001,117.449997,118.620003,117.453453,1414200
ROST,2021-11-09,118.68,120.029999,118.449997,119.269997,118.097061,1427800
ROST,2021-11-10,119.379997,120.43,118.57,118.669998,117.50296,1203700
ROST,2021-11-11,116.75,117.620003,115.290001,115.470001,114.334427,2299500
ROST,2021-11-12,116.029999,116.5,114.68,115.5,114.364143,1301500
ROST,2021-11-15,116.949997,117.970001,115.029999,115.449997,114.314629,1731700
ROST,2021-11-16,115.900002,116.260002,114.279999,115.019997,113.888847,2174800
ROST,2021-11-17,119.779999,123.360001,115.910004,116.519997,115.3741,3978900
ROST,2021-11-18,117.230003,119.980003,115.720001,119.519997,118.344597,4922500
ROST,2021-11-19,115.080002,116.839996,110.919998,112.779999,111.670883,6664900
ROST,2021-11-22,113.800003,114.410004,109.790001,111.169998,110.076721,3080300
ROST,2021-11-23,110.589996,115.800003,110.300003,115.43,114.294823,2724600
ROST,2021-11-24,114.120003,115.580002,113.290001,115.510002,114.374039,1547000
ROST,2021-11-26,112.199997,112.419998,109.269997,110.010002,108.928131,2045800
ROST,2021-11-29,112.089996,112.809998,110.290001,111.660004,110.561897,2022900
ROST,2021-11-30,110.889999,110.989998,106.629997,109.089996,108.017174,3091900
ROST,2021-12-01,110.980003,111.949997,104.790001,104.870003,103.838676,1894800
ROST,2021-12-02,106.290001,111.550003,106.290001,110.559998,109.47271,2396700
ROST,2021-12-03,110.769997,111.330002,108.75,110.190002,109.106361,1719100
ROST,2021-12-06,111.739998,114.139999,111.339996,112.68,111.861191,1697300
ROST,2021-12-07,110.470001,114.190002,110.230003,113.099998,112.278137,2167300
ROST,2021-12-08,113.93,114.440002,112.209999,113.129997,112.307915,2267700
ROST,2021-12-09,112.519997,113.650002,111.980003,112.529999,111.71228,1194400
ROST,2021-12-10,113.269997,113.800003,111.669998,112.860001,112.039886,1541400
ROST,2021-12-13,112.360001,112.959999,109.07,109.68,108.882988,1637600
ROST,2021-12-14,109.0,111.870003,108.809998,109.599998,108.803566,1779600
ROST,2021-12-15,108.860001,109.690002,106.120003,108.82,108.029236,1675900
ROST,2021-12-16,111.209999,111.529999,108.919998,109.269997,108.47596,1765800
ROST,2021-12-17,108.830002,110.089996,107.099998,108.07,107.284691,3542600
ROST,2021-12-20,106.790001,106.790001,103.620003,105.860001,105.090744,1997400
ROST,2021-12-21,106.769997,108.660004,105.900002,108.550003,107.761208,1508700
ROST,2021-12-22,108.699997,109.440002,107.769997,109.029999,108.237709,1294600
ROST,2021-12-23,109.5,110.82,108.860001,110.160004,109.359505,1187400
ROST,2021-12-27,110.620003,113.129997,110.379997,112.370003,111.553452,1656200
ROST,2021-12-28,111.970001,113.400002,111.839996,112.160004,111.344971,1139700
ROST,2021-12-29,112.230003,114.0,112.230003,113.309998,112.48661,1399300
ROST,2021-12-30,113.410004,114.93,113.400002,114.269997,113.439629,860100
ROST,2021-12-31,114.269997,115.099998,113.769997,114.279999,113.449562,1134800
ROST,2022-01-03,113.25,115.220001,112.900002,113.160004,112.3377,1793200
ROST,2022-01-04,113.809998,114.660004,112.800003,113.160004,112.3377,2273300
ROST,2022-01-05,113.330002,113.769997,109.599998,109.660004,108.863144,2345100
ROST,2022-01-06,110.400002,110.620003,108.300003,109.440002,108.644737,1844400
ROST,2022-01-07,108.669998,108.669998,104.900002,104.989998,104.227074,2999200
ROST,2022-01-10,104.32,104.419998,100.940002,103.120003,102.370659,4096400
ROST,2022-01-11,102.959999,107.07,102.599998,106.93,106.152977,2645100
ROST,2022-01-12,107.610001,108.669998,104.559998,105.440002,104.673805,2260900
ROST,2022-01-13,105.739998,106.330002,104.449997,104.730003,103.968964,1960700
ROST,2022-01-14,103.82,104.139999,100.559998,102.269997,101.526833,3552200
ROST,2022-01-18,100.980003,101.150002,98.790001,99.209999,98.489075,4103200
ROST,2022-01-19,99.959999,100.93,98.860001,99.029999,98.310379,2118500
ROST,2022-01-20,99.419998,100.860001,97.150002,97.43,96.722008,2379800
ROST,2022-01-21,97.489998,98.68,95.050003,95.43,94.736534,3086000
ROST,2022-01-24,93.599998,98.449997,92.940002,98.25,97.536041,4575900
ROST,2022-01-25,95.910004,97.949997,94.290001,96.610001,95.907967,3139100
ROST,2022-01-26,97.279999,99.32,94.0,94.760002,94.071411,3125200
ROST,2022-01-27,96.379997,97.82,94.419998,94.870003,94.180618,2214700
ROST,2022-01-28,94.349998,95.830002,92.550003,95.769997,95.074059,4187700
ROST,2022-01-31,95.110001,97.949997,94.900002,97.75,97.03968,2891500
ROST,2022-02-01,98.260002,99.139999,97.519997,98.540001,97.823944,3762500
ROST,2022-02-02,98.980003,99.410004,96.620003,97.330002,96.622734,2966300
ROST,2022-02-03,97.019997,97.279999,94.290001,94.379997,93.694168,3057100
ROST,2022-02-04,93.510002,94.870003,92.099998,94.160004,93.475769,3617800
ROST,2022-02-07,94.550003,95.089996,92.970001,93.349998,92.671654,2512900
ROST,2022-02-08,93.800003,96.150002,93.139999,95.480003,94.786179,2161600
ROST,2022-02-09,96.879997,97.959999,96.559998,97.419998,96.712074,2827100
ROST,2022-02-10,94.32,98.010002,94.32,96.57,95.868256,2470000
ROST,2022-02-11,96.489998,97.029999,93.940002,94.269997,93.584961,2187700
ROST,2022-02-14,94.910004,95.690002,93.330002,94.269997,93.584961,2320400
ROST,2022-02-15,95.599998,96.589996,94.940002,96.190002,95.49102,2565200
ROST,2022-02-16,95.779999,96.529999,94.449997,95.699997,95.004578,2431600
ROST,2022-02-17,94.379997,95.620003,91.349998,91.75,91.083282,3101500
ROST,2022-02-18,91.440002,94.209999,91.260002,93.470001,92.790779,3260000
ROST,2022-02-22,93.32,95.510002,91.900002,92.239998,91.569717,3364800
ROST,2022-02-23,89.529999,90.309998,86.529999,88.019997,87.380379,5274900
ROST,2022-02-24,86.720001,90.790001,86.150002,90.639999,89.981346,4279900
ROST,2022-02-25,91.0,92.959999,89.769997,92.730003,92.056168,2525100
ROST,2022-02-28,91.199997,91.970001,90.220001,91.389999,90.725899,3177700
ROST,2022-03-01,91.0,91.919998,88.959999,89.550003,88.899269,4002500
ROST,2022-03-02,95.160004,97.610001,94.080002,95.0,94.309669,5477000
ROST,2022-03-03,94.93,94.93,92.160004,93.529999,92.850349,3266600
ROST,2022-03-04,92.690002,93.040001,88.870003,89.440002,88.79007,4347900
ROST,2022-03-07,89.739998,89.940002,85.089996,85.120003,84.501465,4641900
ROST,2022-03-08,85.480003,88.739998,84.440002,85.860001,85.236076,3160200
ROST,2022-03-09,88.279999,89.300003,86.629997,88.57,87.926384,3488200
ROST,2022-03-10,87.040001,89.800003,86.309998,89.599998,88.948898,2235100
ROST,2022-03-11,90.709999,91.099998,87.599998,87.760002,87.122276,2228200
ROST,2022-03-14,88.290001,88.730003,85.580002,85.760002,85.438606,2063100
ROST,2022-03-15,87.459999,88.580002,86.07,87.459999,87.132233,2744000
ROST,2022-03-16,88.620003,91.349998,88.400002,91.339996,90.997696,3376600
ROST,2022-03-17,90.339996,92.589996,90.050003,92.209999,91.864433,2467400
ROST,2022-03-18,91.389999,93.470001,90.769997,93.330002,92.98024,4463400
ROST,2022-03-21,93.830002,94.25,90.440002,91.07,90.728706,2095200
ROST,2022-03-22,91.900002,93.379997,91.099998,91.68,91.336418,2008000
ROST,2022-03-23,90.989998,91.07,88.940002,89.739998,89.403687,2858800
ROST,2022-03-24,90.349998,90.720001,89.150002,90.419998,90.081139,1739400
ROST,2022-03-25,91.279999,91.540001,88.629997,90.220001,89.881897,2284200
ROST,2022-03-28,90.330002,91.589996,89.400002,91.559998,91.216866,1496500
ROST,2022-03-29,93.18,95.940002,93.139999,95.550003,95.191925,2467100
ROST,2022-03-30,94.540001,94.830002,92.449997,92.610001,92.262939,2188100
ROST,2022-03-31,92.169998,92.800003,90.400002,90.459999,90.120995,2927900
ROST,2022-04-01,91.339996,91.480003,89.949997,90.610001,90.270432,2160700
ROST,2022-04-04,90.989998,93.540001,90.309998,93.169998,92.820839,2416800
ROST,2022-04-05,92.199997,94.080002,90.980003,93.150002,92.800911,2451800
ROST,2022-04-06,91.410004,95.110001,91.07,94.190002,93.837021,3356700
ROST,2022-04-07,93.239998,95.82,92.18,95.349998,94.992668,2811100
ROST,2022-04-08,95.190002,98.309998,95.110001,96.839996,96.477081,2722400
ROST,2022-04-11,99.160004,102.5,98.849998,99.709999,99.336327,3994400
ROST,2022-04-12,100.260002,103.519997,100.260002,102.190002,101.807037,4825600
ROST,2022-04-13,102.519997,104.059998,102.459999,102.93,102.544258,2300100
ROST,2022-04-14,102.699997,104.690002,102.699997,103.080002,102.693703,2165800
ROST,2022-04-18,102.410004,105.019997,102.300003,104.489998,104.098412,2969700
ROST,2022-04-19,104.379997,107.849998,104.330002,107.360001,106.957657,3030200
ROST,2022-04-20,107.919998,109.349998,107.809998,108.410004,108.003731,2072700
ROST,2022-04-21,109.410004,110.419998,106.769997,107.18,106.778336,2536800
ROST,2022-04-22,105.949997,106.410004,103.290001,103.459999,103.072273,2430100
ROST,2022-04-25,103.18,105.879997,101.970001,105.610001,105.214218,2748200
ROST,2022-04-26,104.279999,105.199997,102.970001,103.029999,102.643883,2425000
ROST,2022-04-27,102.720001,102.970001,100.360001,101.25,100.87056,2648000
ROST,2022-04-28,102.440002,104.489998,101.370003,104.169998,103.77961,2373300
ROST,2022-04-29,102.519997,103.279999,99.5,99.769997,99.396103,2696800
ROST,2022-05-02,100.400002,101.730003,98.879997,101.32,100.940292,3059100
ROST,2022-05-03,101.620003,101.68,98.82,100.449997,100.073555,2449700
ROST,2022-05-04,100.489998,104.209999,98.919998,103.919998,103.530548,2449200
ROST,2022-05-05,102.400002,103.309998,98.480003,99.889999,99.515656,2719500
ROST,2022-05-06,99.129997,99.220001,95.07,96.239998,95.879333,3446300
ROST,2022-05-09,95.5,96.349998,93.029999,93.410004,93.059944,3225500
ROST,2022-05-10,94.68,95.120003,87.82,89.620003,89.284142,5568400
ROST,2022-05-11,89.099998,90.489998,87.68,87.849998,87.520775,3338000
ROST,2022-05-12,87.150002,89.68,86.959999,89.120003,88.786018,3092000
ROST,2022-05-13,90.029999,92.199997,89.709999,92.059998,91.714996,2701800
ROST,2022-05-16,91.529999,92.370003,90.050003,91.809998,91.465935,2563900
ROST,2022-05-17,91.5,93.150002,89.360001,93.059998,92.71125,3958400
ROST,2022-05-18,95.360001,98.410004,92.160004,92.800003,92.452225,7013200
ROST,2022-05-19,92.029999,94.669998,91.209999,92.699997,92.352592,7356600
ROST,2022-05-20,70.0,74.650002,69.75,71.870003,71.600662,34575500
ROST,2022-05-23,72.269997,79.800003,72.239998,78.75,78.45488,12789900
ROST,2022-05-24,77.709999,78.589996,75.580002,77.610001,77.319153,6149500
ROST,2022-05-25,77.360001,82.57,76.589996,81.360001,81.055099,4410400
ROST,2022-05-26,82.400002,87.32,82.379997,86.989998,86.663994,5308700
ROST,2022-05-27,87.370003,89.220001,86.089996,87.309998,86.982796,3767500
ROST,2022-05-31,86.349998,86.449997,84.129997,85.019997,84.701378,4228700
ROST,2022-06-01,85.400002,85.75,82.360001,82.660004,82.350227,3805800
ROST,2022-06-02,82.5,83.790001,81.900002,83.209999,82.898163,3585300
ROST,2022-06-03,82.5,83.970001,82.25,82.720001,82.410004,3059400
ROST,2022-06-06,82.919998,83.25,81.120003,81.330002,81.330002,2676000
ROST,2022-06-07,79.459999,81.410004,78.93,80.510002,80.510002,3671800
ROST,2022-06-08,80.57,83.230003,79.690002,81.050003,81.050003,2557300
ROST,2022-06-09,80.150002,80.879997,79.68,79.760002,79.760002,2719700
ROST,2022-06-10,78.330002,79.349998,77.150002,77.199997,77.199997,3983400
ROST,2022-06-13,75.260002,75.959999,74.459999,74.830002,74.830002,4753300
ROST,2022-06-14,74.959999,75.720001,73.360001,74.0,74.0,3113300
ROST,2022-06-15,74.75,76.970001,74.75,76.0,76.0,2616400
ROST,2022-06-16,74.160004,74.455002,72.964996,73.610001,73.610001,3303198
OLLI,2021-06-17,88.379997,89.599998,87.309998,88.550003,88.550003,900000
OLLI,2021-06-18,88.440002,88.870003,84.610001,85.980003,85.980003,1275900
OLLI,2021-06-21,86.57,87.239998,85.529999,85.75,85.75,766200
OLLI,2021-06-22,86.0,86.529999,84.919998,85.709999,85.709999,758300
OLLI,2021-06-23,86.0,86.379997,83.870003,84.370003,84.370003,898600
OLLI,2021-06-24,84.809998,85.099998,83.669998,84.75,84.75,665900
OLLI,2021-06-25,85.230003,89.0,85.18,88.870003,88.870003,2482800
OLLI,2021-06-28,89.099998,89.239998,85.370003,85.489998,85.489998,942300
OLLI,2021-06-29,85.470001,85.900002,83.860001,84.040001,84.040001,788400
OLLI,2021-06-30,83.919998,85.815002,83.580002,84.129997,84.129997,900300
OLLI,2021-07-01,84.199997,85.730003,83.589996,85.410004,85.410004,858800
OLLI,2021-07-02,85.800003,86.970001,85.129997,86.849998,86.849998,724300
OLLI,2021-07-06,87.290001,88.279999,83.302002,86.330002,86.330002,992900
OLLI,2021-07-07,86.529999,87.629997,86.099998,87.419998,87.419998,859600
OLLI,2021-07-08,87.0,87.43,84.959999,86.790001,86.790001,1086400
OLLI,2021-07-09,87.220001,89.720001,87.120003,89.580002,89.580002,922500
OLLI,2021-07-12,89.449997,89.800003,87.470001,89.290001,89.290001,821700
OLLI,2021-07-13,89.160004,90.589996,88.489998,89.080002,89.080002,515700
OLLI,2021-07-14,88.68,89.959999,87.900002,89.160004,89.160004,528300
OLLI,2021-07-15,89.120003,90.434998,88.330002,89.699997,89.699997,566300
OLLI,2021-07-16,90.269997,90.360001,87.790001,88.010002,88.010002,815400
OLLI,2021-07-19,87.470001,89.559998,84.830002,89.25,89.25,979900
OLLI,2021-07-20,90.080002,95.43,89.839996,93.540001,93.540001,1789000
OLLI,2021-07-21,93.419998,95.0,93.370003,94.010002,94.010002,667300
OLLI,2021-07-22,93.730003,94.43,91.720001,91.870003,91.870003,795600
OLLI,2021-07-23,92.0,92.849998,90.720001,92.470001,92.470001,467800
OLLI,2021-07-26,92.330002,92.839996,91.209999,92.555,92.555,361100
OLLI,2021-07-27,92.309998,92.32,90.239998,90.510002,90.510002,386600
OLLI,2021-07-28,90.68,92.949997,90.400002,91.019997,91.019997,467200
OLLI,2021-07-29,91.0,92.934998,91.0,92.650002,92.650002,427500
OLLI,2021-07-30,92.150002,94.739998,92.080002,93.099998,93.099998,631900
OLLI,2021-08-02,93.839996,93.839996,91.370003,91.540001,91.540001,528100
OLLI,2021-08-03,91.620003,94.68,91.181,92.610001,92.610001,519200
OLLI,2021-08-04,92.0,92.745003,88.529999,88.839996,88.839996,639200
OLLI,2021-08-05,88.660004,89.769997,86.489998,89.029999,89.029999,860600
OLLI,2021-08-06,89.050003,89.309998,87.129997,88.779999,88.779999,596700
OLLI,2021-08-09,89.129997,91.370003,88.57,90.080002,90.080002,1012400
OLLI,2021-08-10,90.040001,92.589996,89.695,91.580002,91.580002,777600
OLLI,2021-08-11,91.809998,92.779999,89.550003,92.5,92.5,812800
OLLI,2021-08-12,92.07,92.309998,84.360001,84.980003,84.980003,1708200
OLLI,2021-08-13,84.68,85.650002,83.720001,85.629997,85.629997,818500
OLLI,2021-08-16,85.300003,85.849998,82.625,83.290001,83.290001,763300
OLLI,2021-08-17,82.010002,84.169998,81.32,84.029999,84.029999,793000
OLLI,2021-08-18,84.529999,85.0,83.470001,83.620003,83.620003,525100
OLLI,2021-08-19,83.279999,85.519997,82.639999,83.040001,83.040001,583900
OLLI,2021-08-20,82.93,83.82,82.449997,82.699997,82.699997,762300
OLLI,2021-08-23,82.730003,84.239998,81.879997,83.82,83.82,1317600
OLLI,2021-08-24,83.959999,84.190002,82.32,83.099998,83.099998,965500
OLLI,2021-08-25,83.129997,84.779999,82.815002,83.220001,83.220001,1182000
OLLI,2021-08-26,82.089996,82.790001,77.519997,77.739998,77.739998,2907800
OLLI,2021-08-27,65.610001,73.940002,65.32,72.540001,72.540001,6530100
OLLI,2021-08-30,72.639999,77.160004,72.269997,76.610001,76.610001,2185000
OLLI,2021-08-31,76.07,76.480003,72.25,72.379997,72.379997,1712200
OLLI,2021-09-01,72.75,73.599998,71.989998,72.589996,72.589996,1138900
OLLI,2021-09-02,72.959999,73.510002,71.900002,72.849998,72.849998,935700
OLLI,2021-09-03,72.589996,72.904999,71.190002,71.75,71.75,1359300
OLLI,2021-09-07,72.059998,74.269997,71.980003,72.720001,72.720001,1141000
OLLI,2021-09-08,75.169998,75.175003,72.144997,72.5,72.5,2010200
OLLI,2021-09-09,72.190002,74.279999,72.019997,73.209999,73.209999,1122600
OLLI,2021-09-10,73.43,74.279999,70.440002,70.839996,70.839996,2379300
OLLI,2021-09-13,70.589996,71.870003,69.269997,69.849998,69.849998,828300
OLLI,2021-09-14,70.059998,70.223999,68.589996,69.5,69.5,809700
OLLI,2021-09-15,69.370003,70.309998,68.419998,69.25,69.25,1159300
OLLI,2021-09-16,69.099998,70.480003,68.690002,68.839996,68.839996,1062400
OLLI,2021-09-17,69.099998,69.334999,67.639999,67.980003,67.980003,1624400
OLLI,2021-09-20,66.800003,68.230003,65.199997,66.07,66.07,1167500
OLLI,2021-09-21,66.0,66.0,64.18,64.239998,64.239998,986400
OLLI,2021-09-22,65.07,65.650002,64.0,64.449997,64.449997,965400
OLLI,2021-09-23,64.730003,66.160004,64.199997,64.529999,64.529999,675600
OLLI,2021-09-24,64.389999,64.795998,63.110001,63.16,63.16,726300
OLLI,2021-09-27,63.009998,64.480003,61.759998,64.220001,64.220001,712500
OLLI,2021-09-28,64.739998,66.220001,63.360001,65.730003,65.730003,2004500
OLLI,2021-09-29,65.400002,66.370003,64.43,64.580002,64.580002,1259200
OLLI,2021-09-30,64.449997,64.449997,60.23,60.279999,60.279999,2212300
OLLI,2021-10-01,60.48,60.558998,58.799999,59.93,59.93,945400
OLLI,2021-10-04,59.73,60.540001,58.889999,59.529999,59.529999,892500
OLLI,2021-10-05,59.630001,60.23,58.66,59.060001,59.060001,843800
OLLI,2021-10-06,58.200001,59.424999,57.860001,59.299999,59.299999,1340100
OLLI,2021-10-07,59.939999,62.605,59.705002,62.450001,62.450001,1578200
OLLI,2021-10-08,62.290001,62.689999,60.990002,61.029999,61.029999,644100
OLLI,2021-10-11,60.880001,61.550999,60.400002,61.119999,61.119999,770000
OLLI,2021-10-12,61.110001,62.02,60.455002,61.040001,61.040001,776600
OLLI,2021-10-13,61.080002,63.98,61.080002,63.709999,63.709999,844600
OLLI,2021-10-14,64.0,67.360001,63.794998,66.220001,66.220001,2053400
OLLI,2021-10-15,66.220001,66.889999,65.635002,66.110001,66.110001,952700
OLLI,2021-10-18,66.110001,66.93,64.995003,66.480003,66.480003,1020900
OLLI,2021-10-19,66.599998,66.660004,65.360001,66.349998,66.349998,1075200
OLLI,2021-10-20,66.239998,66.830002,65.900002,66.699997,66.699997,851400
OLLI,2021-10-21,66.349998,67.32,66.269997,66.989998,66.989998,645600
OLLI,2021-10-22,66.709999,67.25,65.959999,66.989998,66.989998,546700
OLLI,2021-10-25,67.279999,68.099998,66.949997,67.510002,67.510002,604700
OLLI,2021-10-26,67.629997,68.470001,66.900002,67.809998,67.809998,572400
OLLI,2021-10-27,68.0,68.190002,66.540001,66.57,66.57,554300
OLLI,2021-10-28,66.830002,69.220001,66.559998,68.43,68.43,746600
OLLI,2021-10-29,68.010002,68.720001,66.809998,67.660004,67.660004,560500
OLLI,2021-11-01,68.339996,71.790001,68.339996,71.269997,71.269997,1006600
OLLI,2021-11-02,71.160004,71.220001,69.5,71.110001,71.110001,681500
OLLI,2021-11-03,71.57,75.269997,70.940002,73.43,73.43,1468500
OLLI,2021-11-04,73.489998,74.084999,70.18,70.260002,70.260002,907900
OLLI,2021-11-05,71.160004,73.260002,70.900002,72.910004,72.910004,908800
OLLI,2021-11-08,72.709999,72.940002,71.660004,72.209999,72.209999,631700
OLLI,2021-11-09,71.900002,73.120003,70.160004,70.230003,70.230003,564200
OLLI,2021-11-10,70.139999,70.900002,67.580002,67.75,67.75,1187500
OLLI,2021-11-11,67.970001,67.970001,66.150002,66.25,66.25,1093600
OLLI,2021-11-12,66.870003,67.154999,65.029999,65.160004,65.160004,1083800
OLLI,2021-11-15,65.849998,69.709999,65.769997,67.699997,67.699997,1377700
OLLI,2021-11-16,67.550003,68.790001,67.279999,68.669998,68.669998,723900
OLLI,2021-11-17,68.400002,68.949997,66.830002,67.279999,67.279999,917700
OLLI,2021-11-18,67.760002,68.57,66.779999,67.360001,67.360001,555400
OLLI,2021-11-19,67.150002,67.440002,65.169998,66.040001,66.040001,713100
OLLI,2021-11-22,66.580002,70.260002,66.25,69.190002,69.190002,1036200
OLLI,2021-11-23,68.739998,69.055,65.32,66.389999,66.389999,813200
OLLI,2021-11-24,65.839996,66.065002,64.012001,65.919998,65.919998,707000
OLLI,2021-11-26,64.470001,66.93,64.330002,64.620003,64.620003,559900
OLLI,2021-11-29,65.349998,66.245003,63.259998,63.32,63.32,758000
OLLI,2021-11-30,62.77,63.59,60.77,61.889999,61.889999,1176400
OLLI,2021-12-01,62.959999,65.809998,61.134998,61.220001,61.220001,1793700
OLLI,2021-12-02,61.959999,63.650002,60.676998,62.860001,62.860001,2413300
OLLI,2021-12-03,50.759998,52.950001,49.029999,49.990002,49.990002,8066200
OLLI,2021-12-06,50.220001,56.43,50.130001,53.68,53.68,4062700
OLLI,2021-12-07,54.18,54.77,51.439999,51.529999,51.529999,1942000
OLLI,2021-12-08,51.200001,52.25,50.439999,51.220001,51.220001,1309100
OLLI,2021-12-09,51.099998,51.16,49.689999,49.73,49.73,986100
OLLI,2021-12-10,49.990002,50.639999,48.994999,49.959999,49.959999,1032000
OLLI,2021-12-13,49.638,51.105,49.169998,50.470001,50.470001,1450700
OLLI,2021-12-14,47.759998,51.5,47.259998,50.610001,50.610001,1583300
OLLI,2021-12-15,49.849998,50.289001,48.200001,49.18,49.18,2669900
OLLI,2021-12-16,49.869999,49.950001,47.209999,47.650002,47.650002,1889600
OLLI,2021-12-17,47.709999,49.419998,46.580002,48.889999,48.889999,2350700
OLLI,2021-12-20,48.299999,48.375,46.029999,46.209999,46.209999,1560300
OLLI,2021-12-21,46.5,48.060001,46.200001,46.68,46.68,1241400
OLLI,2021-12-22,46.68,47.32,46.200001,46.299999,46.299999,766600
OLLI,2021-12-23,46.299999,48.360001,45.549999,48.049999,48.049999,1568900
OLLI,2021-12-27,48.344002,49.75,47.880001,49.68,49.68,835400
OLLI,2021-12-28,49.66,51.125,49.259998,50.650002,50.650002,927600
OLLI,2021-12-29,50.549999,51.939999,50.189999,51.130001,51.130001,755800
OLLI,2021-12-30,51.130001,52.970001,50.759998,51.860001,51.860001,601700
OLLI,2021-12-31,51.529999,52.330002,51.040001,51.189999,51.189999,624500
OLLI,2022-01-03,51.709999,53.880001,51.610001,52.41,52.41,873300
OLLI,2022-01-04,52.68,53.41,50.889999,51.150002,51.150002,996800
OLLI,2022-01-05,50.900002,52.526001,49.290001,49.540001,49.540001,1402400
OLLI,2022-01-06,49.619999,51.016998,48.110001,49.23,49.23,1344100
OLLI,2022-01-07,49.369999,50.59,48.299999,49.709999,49.709999,1108300
OLLI,2022-01-10,49.360001,49.509998,46.439999,48.369999,48.369999,1727200
OLLI,2022-01-11,48.240002,48.389999,47.189999,48.040001,48.040001,1287400
OLLI,2022-01-12,48.52,49.490002,47.27,47.849998,47.849998,1195200
OLLI,2022-01-13,47.52,48.095001,46.889999,47.220001,47.220001,913700
OLLI,2022-01-14,47.279999,47.279999,44.799999,45.200001,45.200001,1263100
OLLI,2022-01-18,44.599998,44.93,43.630001,44.02,44.02,1116200
OLLI,2022-01-19,43.990002,47.200001,43.990002,45.610001,45.610001,1456500
OLLI,2022-01-20,45.650002,46.990002,44.09,44.169998,44.169998,892600
OLLI,2022-01-21,44.099998,45.34,43.599998,44.349998,44.349998,1377500
OLLI,2022-01-24,43.700001,48.380001,43.5,48.16,48.16,1821800
OLLI,2022-01-25,47.650002,47.98,45.849998,46.259998,46.259998,1127500
OLLI,2022-01-26,47.389999,47.389999,43.779999,44.330002,44.330002,1140300
OLLI,2022-01-27,45.25,46.130001,43.59,44.060001,44.060001,1107100
OLLI,2022-01-28,43.080002,44.959999,42.400002,44.93,44.93,932000
OLLI,2022-01-31,44.889999,48.0,44.889999,47.939999,47.939999,1200800
OLLI,2022-02-01,47.599998,48.73,47.175999,48.389999,48.389999,794100
OLLI,2022-02-02,48.389999,48.400002,46.759998,47.23,47.23,903300
OLLI,2022-02-03,46.790001,47.886002,46.240002,46.610001,46.610001,970000
OLLI,2022-02-04,46.610001,47.139999,44.709999,46.889999,46.889999,1047700
OLLI,2022-02-07,46.860001,47.310001,45.595001,45.919998,45.919998,1591800
OLLI,2022-02-08,45.799999,47.220001,45.209999,46.25,46.25,1108900
OLLI,2022-02-09,46.310001,47.540001,45.599998,47.279999,47.279999,852400
OLLI,2022-02-10,46.5,48.290001,45.52,45.880001,45.880001,728000
OLLI,2022-02-11,46.459999,46.560001,44.799999,44.939999,44.939999,664500
OLLI,2022-02-14,44.849998,46.380001,44.849998,45.240002,45.240002,1109400
OLLI,2022-02-15,46.060001,46.779999,44.630001,45.110001,45.110001,981500
OLLI,2022-02-16,45.0,45.0,42.279999,43.040001,43.040001,1178900
OLLI,2022-02-17,42.790001,43.080002,40.970001,41.23,41.23,1230200
OLLI,2022-02-18,41.529999,43.009998,41.02,41.959999,41.959999,877400
OLLI,2022-02-22,41.990002,43.169998,40.91,41.0,41.0,1261800
OLLI,2022-02-23,41.040001,42.185001,40.18,40.939999,40.939999,1069300
OLLI,2022-02-24,39.52,42.060001,39.23,41.700001,41.700001,1498100
OLLI,2022-02-25,41.650002,43.5,41.119999,43.360001,43.360001,977000
OLLI,2022-02-28,42.490002,43.91,42.310001,43.18,43.18,1033400
OLLI,2022-03-01,43.240002,44.709999,42.5,43.43,43.43,1961500
OLLI,2022-03-02,43.48,46.07,42.509998,44.299999,44.299999,1897500
OLLI,2022-03-03,44.389999,45.27,43.009998,43.439999,43.439999,1622500
OLLI,2022-03-04,43.360001,44.720001,42.810001,44.380001,44.380001,1445100
OLLI,2022-03-07,44.75,44.75,42.450001,42.509998,42.509998,1522500
OLLI,2022-03-08,42.66,46.299999,41.915001,44.529999,44.529999,1486900
OLLI,2022-03-09,45.27,45.759998,43.77,44.419998,44.419998,1043700
OLLI,2022-03-10,43.279999,43.529999,40.830002,42.0,42.0,1557400
OLLI,2022-03-11,42.52,42.985001,38.75,39.220001,39.220001,1512200
OLLI,2022-03-14,39.09,39.43,37.669998,38.09,38.09,1208600
OLLI,2022-03-15,38.23,40.709999,38.110001,40.59,40.59,1319200
OLLI,2022-03-16,41.0,43.150002,40.75,41.889999,41.889999,1364900
OLLI,2022-03-17,41.52,42.02,39.643002,41.330002,41.330002,1334300
OLLI,2022-03-18,40.869999,43.189999,40.755001,42.91,42.91,1335900
OLLI,2022-03-21,42.91,43.231998,41.279999,41.5,41.5,1029500
OLLI,2022-03-22,42.439999,44.25,41.970001,42.939999,42.939999,1637800
OLLI,2022-03-23,42.560001,44.060001,40.610001,40.669998,40.669998,3006500
OLLI,2022-03-24,40.669998,44.290001,39.599998,43.060001,43.060001,4695600
OLLI,2022-03-25,42.740002,44.450001,42.509998,43.209999,43.209999,2522600
OLLI,2022-03-28,43.27,43.970001,40.113998,42.169998,42.169998,1787100
OLLI,2022-03-29,42.830002,44.93,42.779999,44.720001,44.720001,1565700
OLLI,2022-03-30,44.27,44.889999,43.630001,43.900002,43.900002,1073400
OLLI,2022-03-31,44.080002,44.310001,42.560001,42.959999,42.959999,1368800
OLLI,2022-04-01,43.900002,43.950001,42.549999,42.849998,42.849998,948300
OLLI,2022-04-04,45.950001,49.84,45.549999,49.560001,49.560001,3151100
OLLI,2022-04-05,49.200001,49.880001,46.990002,47.07,47.07,1696600
OLLI,2022-04-06,46.689999,49.0,46.32,48.32,48.32,1733400
OLLI,2022-04-07,48.0,50.27,47.360001,50.07,50.07,2007400
OLLI,2022-04-08,50.16,51.880001,49.130001,51.189999,51.189999,1522700
OLLI,2022-04-11,51.0,53.439999,50.740002,51.43,51.43,1961100
OLLI,2022-04-12,51.959999,54.43,51.099998,51.209999,51.209999,2439200
OLLI,2022-04-13,51.209999,54.665001,50.560001,54.0,54.0,1816700
OLLI,2022-04-14,53.639999,55.220001,53.235001,54.599998,54.599998,1538200
OLLI,2022-04-18,53.849998,55.009998,52.919998,53.029999,53.029999,1531400
OLLI,2022-04-19,53.029999,54.369999,52.889999,54.200001,54.200001,1298200
OLLI,2022-04-20,54.419998,54.779999,52.23,53.389999,53.389999,1040400
OLLI,2022-04-21,54.080002,54.119999,50.540001,50.84,50.84,1089300
OLLI,2022-04-22,50.689999,50.889999,48.189999,48.380001,48.380001,1113500
OLLI,2022-04-25,48.139999,49.150002,46.700001,49.130001,49.130001,1636500
OLLI,2022-04-26,48.59,49.759998,47.849998,49.009998,49.009998,919900
OLLI,2022-04-27,49.470001,49.66,47.59,48.5,48.5,919300
OLLI,2022-04-28,49.310001,49.830002,47.630001,49.630001,49.630001,1061900
OLLI,2022-04-29,48.98,50.0,47.880001,48.049999,48.049999,631300
OLLI,2022-05-02,48.349998,50.52,47.740002,50.419998,50.419998,945500
OLLI,2022-05-03,50.540001,50.73,48.555,48.669998,48.669998,823400
OLLI,2022-05-04,48.880001,52.57,48.540001,52.16,52.16,1420800
OLLI,2022-05-05,51.66,51.66,47.970001,48.779999,48.779999,1162300
OLLI,2022-05-06,48.32,48.84,45.849998,48.139999,48.139999,1432300
OLLI,2022-05-09,47.09,49.330002,46.549999,48.900002,48.900002,1081100
OLLI,2022-05-10,48.860001,49.080002,43.75,44.310001,44.310001,1979200
OLLI,2022-05-11,44.220001,45.25,42.650002,42.990002,42.990002,1576500
OLLI,2022-05-12,42.48,44.939999,41.790001,44.0,44.0,1635500
OLLI,2022-05-13,44.77,46.59,44.595001,45.619999,45.619999,1781300
OLLI,2022-05-16,45.200001,46.75,44.509998,45.98,45.98,934900
OLLI,2022-05-17,46.52,47.110001,44.119999,45.810001,45.810001,1204300
OLLI,2022-05-18,43.639999,44.849998,42.139999,43.459999,43.459999,2160800
OLLI,2022-05-19,42.290001,43.990002,40.400002,43.189999,43.189999,2356200
OLLI,2022-05-20,45.509998,47.509998,41.540001,42.349998,42.349998,4328500
OLLI,2022-05-23,42.43,43.52,42.09,43.189999,43.189999,1502400
OLLI,2022-05-24,42.57,43.700001,41.119999,42.009998,42.009998,1847100
OLLI,2022-05-25,41.959999,46.219002,41.959999,45.669998,45.669998,1811900
OLLI,2022-05-26,46.889999,48.119999,45.330002,46.290001,46.290001,1573200
OLLI,2022-05-27,46.07,48.529999,45.380001,48.189999,48.189999,1629200
OLLI,2022-05-31,47.509998,48.0,45.919998,46.970001,46.970001,1132200
OLLI,2022-06-01,47.060001,47.73,45.580002,45.75,45.75,1021000
OLLI,2022-06-02,45.32,47.060001,44.900002,47.02,47.02,1259100
OLLI,2022-06-03,46.82,48.0,46.150002,47.389999,47.389999,1184700
OLLI,2022-06-06,48.41,48.52,46.813,48.48,48.48,1445200
OLLI,2022-06-07,47.290001,51.650002,46.939999,50.990002,50.990002,2823000
OLLI,2022-06-08,50.990002,55.689999,49.75,53.380001,53.380001,4842300
OLLI,2022-06-09,55.23,56.959999,53.580002,55.689999,55.689999,3281700
OLLI,2022-06-10,54.07,54.630001,52.139999,53.66,53.66,2815700
OLLI,2022-06-13,52.209999,53.625,51.540001,53.209999,53.209999,1770400
OLLI,2022-06-14,53.049999,54.849998,53.049999,54.09,54.09,1545200
OLLI,2022-06-15,54.639999,57.389999,54.290001,56.709999,56.709999,1776500
OLLI,2022-06-16,54.93,57.169998,54.419998,57.130001,57.130001,1664604
